Language_ID	boundness	boundness_st
abar1238	0.20535714285714285	-0.7808850666178954
abkh1244	0.4918032786885246	1.3489592004233557
abua1245	0.37272727272727274	0.46358035632530475
abun1252	0.07377049180327869	-1.7592856777932069
acha1249	0.01694915254237288	-2.1817755931107787
achi1256	0.39473684210526316	0.6272305135309652
achi1257	0.19672131147540983	-0.845096007729512
achu1248	0.4180327868852459	0.8004453983851391
acol1236	0.3392857142857143	0.21492868113005822
adan1251	0.23214285714285715	-0.5817223170683046
adon1237	0.12931034482758622	-1.3463241371782275
adze1240	0.14150943396226415	-1.255618916173209
afar1241	0.39344262295081966	0.6176074643723999
aghe1239	0.2627118644067797	-0.354429235661427
aghu1255	0.3	-0.07717668487600832
aghw1237	0.4375	0.9451920961452239
agob1244	0.4344262295081967	0.9223373543936314
agua1253	0.4649122807017544	1.1490136234620565
agut1237	0.2982456140350877	-0.09022126262428565
aheu1239	0	-2.307799479831424
ahom1240	0	-2.307799479831424
aime1238	0.3425925925925926	0.23951667490161266
ainu1240	0.3879310344827586	0.5766265481281653
ajab1235	0.02586206896551724	-2.1155044113007846
ajie1238	0.18269230769230768	-0.9494073931598568
akab1249	0.36885245901639346	0.4347695303596611
akha1245	0.018867924528301886	-2.1675087380103286
akka1240	0.5181818181818182	1.5450944387279304
akla1240	0.25471698113207547	-0.413874465246637
akoo1248	0.4	0.6663642467757972
akun1241	0.33035714285714285	0.14854109794686116
alab1237	0.4666666666666667	1.1620582012103338
alab1254	0.45081967213114754	1.0442293104021243
alac1244	0.3645833333333333	0.40302683348244916
alag1248	0.43333333333333335	0.9142112239930655
aleu1260	0.55	1.781675644253505
alor1247	0.017543859649122806	-2.177353702348651
alse1251	0.5531914893617021	1.8054056739870732
aluk1238	0.3392857142857143	0.21492868113005822
amah1246	0.40384615384615385	0.6949619749162511
amam1246	0.4	0.6663642467757972
amap1240	0.330188679245283	0.14728850203774416
amar1272	0.17708333333333334	-0.9911124133646855
amar1274	0.4	0.6663642467757972
amas1236	0.19166666666666668	-0.8826793608321305
ambo1250	0.075	-1.75014378109257
amdo1237	0.25	-0.4489471507019108
amii1238	0.40350877192982454	0.6924534022723514
amis1246	0.24489795918367346	-0.48688291252088056
amri1238	0.3627450980392157	0.38935880165061454
anci1242	0.48360655737704916	1.2880132224191094
anci1244	0.4	0.6663642467757972
anei1239	0.23728813559322035	-0.5434650657423945
anga1288	0.39166666666666666	0.6044025024714799
anuf1239	0.10909090909090909	-1.4966639180294548
anut1237	0.11	-1.4899044550144382
anuu1241	0.11475409836065574	-1.4545557877719753
aona1235	0.31666666666666665	0.04674680373262585
aoua1234	0.04918032786885246	-1.942123611805946
apat1240	0.24545454545454545	-0.4827444657769929
apin1244	0.225	-0.6348323836148622
apma1240	0.13114754098360656	-1.3326638317634827
apur1254	0.4	0.6663642467757972
arak1252	0.12295081967213115	-1.393609809767729
arao1248	0.4672131147540984	1.166121266410617
arap1274	0.525	1.5957904113405537
araw1273	0.3269230769230769	0.12300741210717012
arbo1245	0.39090909090909093	0.598769616625633
arch1244	0.45652173913043476	1.0866265124920345
area1240	0.20491803278688525	-0.7841500297252656
aree1239	0.23684210526315788	-0.5467814838139906
argo1244	0.4344262295081967	0.9223373543936314
arhu1242	0.5686274509803921	1.9201783668160959
arom1237	0.5172413793103449	1.538101890781362
arop1242	0.2966101694915254	-0.10238146222013733
arop1243	0.3076923076923077	-0.019981228595100018
arta1239	0.3114754098360656	0.008147684329936717
ashe1272	0.45901639344262296	1.1051752884063706
assi1247	0.4224137931034483	0.8330199728356844
asur1254	0.3557692307692308	0.33749037316057556
atak1252	0.44	0.963780619436519
atam1240	0.2857142857142857	-0.18339681796912338
athp1241	0.43103448275862066	0.8971183290125639
aton1241	0.2459016393442623	-0.4794201397040341
aulu1238	0.25892857142857145	-0.3825595675187138
auuu1241	0.2033898305084746	-0.7955128391836844
auye1238	0.45535714285714285	1.0779672625116177
avac1239	0.3173076923076923	0.05151309175603484
awac1239	0.2692307692307692	-0.3059585099996407
awad1243	0.41818181818181815	0.801553507076125
awad1244	0.27884615384615385	-0.23446418964850543
awar1249	0.18518518518518517	-0.9308718286243772
awet1244	0.36666666666666664	0.41851726955852836
axam1237	0.30327868852459017	-0.05279829367430968
axiy1235	0.07142857142857142	-1.7766988143658489
ayac1239	0.5	1.4099051784276022
ayiw1239	0.38596491228070173	0.5620076247895786
azha1235	0	-2.307799479831424
baba1264	0.32142857142857145	0.08215351476366449
baba1266	0.34	0.22023968778471403
baba1267	0.09836065573770492	-1.576447743780468
babi1235	0.45689655172413796	1.0894133975432037
bafi1243	0.4351851851851852	0.9279805005051358
bafu1246	0.2542372881355932	-0.4174411790217497
bagi1246	0.25	-0.4489471507019108
bagv1239	0.46296296296296297	1.1345196481861928
baha1259	0.4339622641509434	0.9188875820537686
bahi1252	0.38392857142857145	0.5468665970460428
baim1244	0.16393442622950818	-1.0888799197464973
baka1272	0.25	-0.4489471507019108
baki1244	0.2222222222222222	-0.6554862983829679
bala1311	0.20192307692307693	-0.8064187524575864
bala1315	0.3392857142857143	0.21492868113005822
bala1316	0.25	-0.4489471507019108
bali1278	0.288135593220339	-0.16539340558045965
balu1257	0.28688524590163933	-0.17469024968280247
bamu1253	0.27450980392156865	-0.2667067262774486
band1344	0.20535714285714285	-0.7808850666178954
bang1354	0.3942307692307692	0.6234676545651158
bang1369	0.04878048780487805	-1.9450965863427385
bant1281	0.4322033898305085	0.9058096315450225
bara1357	0.2962962962962963	-0.10471523790014929
barg1252	0.29245283018867924	-0.13329298160444644
bari1286	0.25	-0.4489471507019108
baro1253	0.3125	0.015765931580467414
bash1264	0.4396551724137931	0.9612166851894438
basq1248	0.30833333333333335	-0.015214940571691028
bata1289	0.330188679245283	0.14728850203774416
bats1242	0.4215686274509804	0.8267358202693236
baur1253	0.38524590163934425	0.5566614863681535
bawm1236	0.1346153846153846	-1.3068789949155324
bayb1234	0.25471698113207547	-0.413874465246637
bebe1248	0.38333333333333336	0.542440758167163
beka1241	0.13559322033898305	-1.2996083860662644
bekw1241	0.19607843137254902	-0.8498760844357274
bela1254	0.44166666666666665	0.9761729682973824
belh1239	0.43103448275862066	0.8971183290125639
bell1243	0.5081967213114754	1.4708511564318487
bemb1257	0.5754716981132075	1.9710681457119834
bent1238	0.38461538461538464	0.551973334213981
berb1259	0.05555555555555555	-1.8947211844693097
beta1252	0.17592592592592593	-0.9997182111847295
bezh1248	0.3627450980392157	0.38935880165061454
bhoj1244	0.3	-0.07717668487600832
bian1252	0.32075471698113206	0.07714313112719651
biao1253	0.034482758620689655	-2.0514060551239046
biao1254	0.025423728813559324	-2.1187636497504565
biao1256	0.008771929824561403	-2.2425765910900375
bier1244	0.1864406779661017	-0.9215367259043294
bign1238	0.19491525423728814	-0.8585247825440069
biha1246	0.05084745762711865	-1.9297278196694891
bili1260	0.49137931034482757	1.3458068222507222
bimi1240	0.27586206896551724	-0.2566520821712716
bina1277	0.3611111111111111	0.37720944002231716
bini1246	0.07627118644067797	-1.7406919895885216
bira1253	0.37735849056603776	0.4980153565904828
bisl1239	0.12931034482758622	-1.3463241371782275
bisu1244	0.07627118644067797	-1.7406919895885216
bitt1240	0.05555555555555555	-1.8947211844693097
biwa1243	0.25	-0.4489471507019108
blab1237	0.22321428571428573	-0.6481099002515015
blan1242	0.09615384615384616	-1.5928562763200729
bodo1269	0.33962264150943394	0.2174338729482918
boht1238	0.41228070175438597	0.757676291013738
boka1249	0.06862745098039216	-1.7975262914429302
bola1250	0.2459016393442623	-0.4794201397040341
boly1239	0.05263157894736842	-1.9164621473831054
bomk1234	0.24528301886792453	-0.4840198361571847
bona1250	0.3611111111111111	0.37720944002231716
bond1245	0.3673469387755102	0.42357537113439137
bond1247	0.5094339622641509	1.48005054933815
bong1289	0.25	-0.4489471507019108
bora1263	0.45689655172413796	1.0894133975432037
bord1248	0.31	-0.0028225917108277336
bori1243	0.3627450980392157	0.38935880165061454
boro1277	0.5	1.4099051784276022
boro1282	0.2540983606557377	-0.41847416169978763
boto1242	0.19827586206896552	-0.8335372877631894
boun1243	0.2037037037037037	-0.7931790635036726
brah1256	0.41836734693877553	0.8029329893240879
bret1244	0.39344262295081966	0.6176074643723999
brib1243	0.3867924528301887	0.5681607275010304
budu1248	0.41	0.7407183399409774
budz1238	0.46296296296296297	1.1345196481861928
buga1247	0.075	-1.75014378109257
buga1250	0.1271186440677966	-1.3626203294265868
bugi1244	0.3706896551724138	0.4484298357744059
bugl1243	0.22	-0.6720094301974524
bujh1238	0.3620689655172414	0.38433147959752606
bull1247	0.2545454545454545	-0.415149835626829
bulo1242	0.0847457627118644	-1.677680046228199
bulu1251	0.30392156862745096	-0.048018216968094496
bumt1240	0.24166666666666667	-0.5109088950062279
bund1253	0.375	0.4804790138628457
bura1292	0.20754716981132076	-0.7646013197993753
burj1242	0.4661016949152542	1.1578574049863122
buru1296	0.5673076923076923	1.9103654208855478
buru1320	0.39166666666666666	0.6044025024714799
busa1253	0.0625	-1.8430863975490457
bush1247	0.49137931034482757	1.3458068222507222
buwa1243	0.22950819672131148	-0.6013120957125266
bwai1242	0.25471698113207547	-0.413874465246637
bwat1240	0.225	-0.6348323836148622
byan1241	0.3813559322033898	0.5277379713830874
caac1237	0.22	-0.6720094301974524
cacu1241	0.37037037037037035	0.44605582258266935
cahu1264	0.5083333333333333	1.471866922731919
cakf1236	0.15454545454545454	-1.158690767278634
cald1236	0.41818181818181815	0.801553507076125
caml1239	0.41964285714285715	0.8124169297788302
camp1261	0.35714285714285715	0.34770384749645195
cane1242	0.22950819672131148	-0.6013120957125266
caom1238	0.03636363636363636	-2.0374209592307673
capa1241	0.4017857142857143	0.6796417634124364
carn1240	0.2719298245614035	-0.2858899288484447
caro1242	0.3854166666666667	0.5579311942432422
cash1251	0.4180327868852459	0.8004453983851391
cavi1250	0.37	0.4433019672802554
cemu1238	0.25	-0.4489471507019108
cent1989	0.11403508771929824	-1.4599019261934005
cent1990	0.18421052631578946	-0.9381188162623091
cent1992	0.11666666666666667	-1.4403350595709845
cent2004	0.028846153846153848	-2.0933165187780185
cent2050	0.2857142857142857	-0.18339681796912338
cent2084	0.23275862068965517	-0.5771438630556704
cent2087	0.330188679245283	0.14728850203774416
cent2090	0.21052631578947367	-0.7424501500381498
cent2126	0.28703703703703703	-0.17356162046050153
cent2127	0.5	1.4099051784276022
cent2131	0.2962962962962963	-0.10471523790014929
cent2140	0.425	0.8522494796887482
cent2142	0.44	0.963780619436519
cent2150	0.41	0.7407183399409774
cent2292	0.4152542372881356	0.7797857448243775
cent2314	0.05737704918032787	-1.8811776338016994
cent2322	0.3333333333333333	0.17067029234126002
chac1251	0.543859649122807	1.7360196221345345
chad1249	0.375	0.4804790138628457
chak1270	0.3050847457627119	-0.03936951885981461
chak1271	0.13934426229508196	-1.2717178537592364
chal1275	0.5169491525423728	1.535929065148247
cham1309	0.42857142857142855	0.8788045129620269
cham1312	0.2786885245901639	-0.23563622768704887
chan1313	0.3148148148148148	0.03297752722055557
char1269	0.22	-0.6720094301974524
chas1234	0.09482758620689655	-1.6027175618857465
chec1245	0.46153846153846156	1.123927897023062
chek1238	0.20754716981132076	-0.7646013197993753
chen1255	0.25925925925925924	-0.38010076814155863
chep1245	0.41228070175438597	0.757676291013738
cher1273	0.4745762711864407	1.2208693483466349
chhi1245	0.41509433962264153	0.7785968402326734
chib1270	0.3979591836734694	0.6511899420482091
chic1270	0.43	0.8894265262713384
chil1280	0.4224137931034483	0.8330199728356844
chim1302	0.4824561403508772	1.2794594009448295
chin1286	0.3644067796610169	0.4017140846624424
chip1241	0.330188679245283	0.14728850203774416
chip1261	0.4180327868852459	0.8004453983851391
chiq1248	0.6176470588235294	2.2846592156650205
chir1283	0.3333333333333333	0.17067029234126002
chit1248	0.24107142857142858	-0.5153347338851078
choc1276	0.5254237288135594	1.59894100850857
chol1284	0.40350877192982454	0.6924534022723514
chon1284	0.06557377049180328	-1.8202316557974532
chot1239	0.27586206896551724	-0.2566520821712716
chra1242	0.09433962264150944	-1.6063457707259472
chug1252	0.3135593220338983	0.023642424500507703
chuj1250	0.34210526315789475	0.23589318108264665
chuk1273	0.5163934426229508	1.531797134436095
chuv1255	0.36065573770491804	0.3738235523554147
chuw1238	0.4083333333333333	0.728325991080114
cici1237	0.39285714285714285	0.6132541802292394
clas1249	0.425	0.8522494796887482
clas1250	0.5789473684210527	1.9969111771000803
coat1243	0.24545454545454545	-0.4827444657769929
coca1259	0.375	0.4804790138628457
coeu1236	0.36792452830188677	0.42786998567993473
colu1241	0.4322033898305085	0.9058096315450225
coma1245	0.43103448275862066	0.8971183290125639
como1259	0.5	1.4099051784276022
coos1249	0.4482758620689655	1.0253150413663237
copa1237	0.2641509433962264	-0.3437290943360894
copt1239	0.27586206896551724	-0.2566520821712716
cors1241	0.3879310344827586	0.5766265481281653
cosa1234	0	-2.307799479831424
cowl1242	0.35344827586206895	0.32023312342064614
cree1270	0.5423728813559322	1.7249648952292145
crim1257	0.4083333333333333	0.728325991080114
cros1244	0.22	-0.6720094301974524
crow1244	0.48360655737704916	1.2880132224191094
cube1242	0.4666666666666667	1.1620582012103338
culi1244	0.3157894736842105	0.040224514858487194
cusc1236	0.5727272727272728	1.9506622196289152
czec1258	0.48360655737704916	1.2880132224191094
daai1236	0.23275862068965517	-0.5771438630556704
daas1238	0.3305084745762712	0.14966631122115273
dadi1250	0.19298245614035087	-0.8728959275209227
dagb1246	0.1810344827586207	-0.961734000116949
dagi1241	0.3879310344827586	0.5766265481281653
daka1243	0.1721311475409836	-1.027933941742251
damp1237	0.19444444444444445	-0.8620254460640249
dana1252	0.16666666666666666	-1.0685645937450818
dand1238	0.39655172413793105	0.6407249043050451
dani1285	0.3333333333333333	0.17067029234126002
dara1250	0.39090909090909093	0.598769616625633
darm1243	0.2641509433962264	-0.3437290943360894
daur1238	0.3020833333333333	-0.0616862487999291
dawr1236	0.3469387755102041	0.2718323238585126
daza1242	0.3793103448275862	0.5125281919512854
dege1246	0.3559322033898305	0.33870214130212006
dehu1237	0.1	-1.5642585481796187
dera1248	0.3793103448275862	0.5125281919512854
desa1247	0.5689655172413793	1.9226920278426405
dhao1237	0.09836065573770492	-1.576447743780468
dhim1246	0.3305084745762712	0.14966631122115273
dhuw1249	0.2545454545454545	-0.415149835626829
dido1241	0.46296296296296297	1.1345196481861928
diga1241	0.37719298245614036	0.49678473604819234
digo1243	0.5327868852459017	1.6536890904445878
dima1251	0.2711864406779661	-0.2914172923011047
djam1255	0.23770491803278687	-0.5403661177082805
djee1236	0.4098360655737705	0.7394994203808927
djin1251	0.39215686274509803	0.6080473109599691
dobu1241	0.35714285714285715	0.34770384749645195
domm1246	0.19298245614035087	-0.8728959275209227
dong1285	0.29464285714285715	-0.11700923478592631
doro1266	0.30392156862745096	-0.048018216968094496
drun1238	0.3620689655172414	0.38433147959752606
dumb1241	0.11864406779661017	-1.425632272786909
dumi1241	0.39622641509433965	0.638306098411578
dupa1235	0.2636363636363636	-0.34755520547666485
dura1244	0.33962264150943394	0.2174338729482918
dusn1237	0.15254237288135594	-1.1735844993456193
dutc1256	0.3728813559322034	0.4647260280227651
dyan1250	0.3416666666666667	0.23263203664557733
dyul1238	0.19	-0.895071709692994
dzao1238	0.0423728813559322	-1.9927397630298116
dzon1239	0.2767857142857143	-0.24978440115232003
east2328	0.3389830508474576	0.21267825458147505
east2330	0.01639344262295082	-2.185907523822931
east2342	0.08333333333333333	-1.688182036788253
east2443	0.2807017543859649	-0.22066704010705848
east2447	0.06557377049180328	-1.8202316557974532
east2485	0.07407407407407407	-1.7570284193486052
east2516	0.4666666666666667	1.1620582012103338
east2545	0.4017857142857143	0.6796417634124364
east2555	0.3898305084745763	0.5907499147434101
east2556	0.4074074074074074	0.7214413528240787
east2690	0.45555555555555555	1.079442542137911
east2773	0.35344827586206895	0.32023312342064614
east2782	0.44545454545454544	1.0043373975266174
egyp1253	0.45	1.0381347126016998
eipo1242	0.2833333333333333	-0.20110017348464249
ekar1243	0.4056603773584906	0.7084514693221258
elmo1238	0.3392857142857143	0.21492868113005822
elna1235	0.5092592592592593	1.478751560987955
emae1237	0.14583333333333334	-1.2234689545058746
emai1241	0.19672131147540983	-0.845096007729512
embe1260	0.4803921568627451	1.2641128388880327
embe1262	0.4166666666666667	0.7902877353844313
enuu1235	0.00819672131147541	-2.2468535018271774
epen1239	0.49019607843137253	1.3370090086578172
ersu1241	0.2540983606557377	-0.41847416169978763
erzy1239	0.3305084745762712	0.14966631122115273
esee1248	0.36885245901639346	0.4347695303596611
esim1238	0.40384615384615385	0.6949619749162511
esto1258	0.319672131147541	0.06909366233418311
eude1234	0.4807692307692308	1.266916537725332
even1259	0.5	1.4099051784276022
even1260	0.42857142857142855	0.8788045129620269
ewee1241	0.3163265306122449	0.04421775294469479
eyak1241	0.3813559322033898	0.5277379713830874
fare1241	0.3017241379310345	-0.06435701364063234
faro1244	0.4016393442622951	0.6785534423766463
fiji1243	0.28448275862068967	-0.19255372599439172
fili1244	0.19491525423728814	-0.8585247825440069
fina1242	0.33962264150943394	0.2174338729482918
finn1318	0.36885245901639346	0.4347695303596611
fonn1241	0.025	-2.1219142469184726
fore1265	0.3389830508474576	0.21267825458147505
fran1266	0.6176470588235294	2.2846592156650205
fuln1247	0.39655172413793105	0.6407249043050451
furr1244	0.3333333333333333	0.17067029234126002
futu1245	0.20833333333333334	-0.7587558722234963
fuyu1242	0.23684210526315788	-0.5467814838139906
gade1242	0.24545454545454545	-0.4827444657769929
gaga1249	0.3644067796610169	0.4017140846624424
gaga1251	0.2545454545454545	-0.415149835626829
gahr1239	0.39344262295081966	0.6176074643723999
gali1258	0.4262295081967213	0.861391376389385
gali1262	0.43103448275862066	0.8971183290125639
galo1242	0.2857142857142857	-0.18339681796912338
gami1243	0.2966101694915254	-0.10238146222013733
gamo1243	0.3103448275862069	-2.586574637524554e-4
gand1255	0.4895833333333333	1.3324529980472057
gang1266	0.3360655737704918	0.1909856183426755
gant1244	0.2222222222222222	-0.6554862983829679
gapa1238	0.3333333333333333	0.17067029234126002
garo1247	0.3305084745762712	0.14966631122115273
gata1239	0.42857142857142855	0.8788045129620269
gayo1244	0.1721311475409836	-1.027933941742251
geba1237	0.06557377049180328	-1.8202316557974532
geda1237	0.25	-0.4489471507019108
gela1263	0.11864406779661017	-1.425632272786909
ghad1239	0.375	0.4804790138628457
ghan1242	0.2894736842105263	-0.15544415136567186
ghar1239	0.18269230769230768	-0.9494073931598568
gheg1238	0.4	0.6663642467757972
ghod1238	0.43137254901960786	0.8996319900391085
ghom1257	0.3645833333333333	0.40302683348244916
gilb1244	0.18867924528301888	-0.9048920616204705
gily1242	0.4322033898305085	0.9058096315450225
gira1247	0.2672413793103448	-0.3207504383481515
glav1244	0.3333333333333333	0.17067029234126002
gofa1235	0.37962962962962965	0.514902205143022
gogo1265	0.17272727272727273	-1.0235015069783058
gola1255	0.19148936170212766	-0.8839976958173288
gros1243	0.5086206896551724	1.4740035346044817
guah1255	0.4672131147540984	1.166121266410617
guan1266	0.5245901639344263	1.5927431124403415
guan1269	0.4387755102040816	0.9546760365999662
gube1234	0.4830508474576271	1.283881291706957
gude1246	0.19642857142857142	-0.8472726498010923
guer1243	0.41379310344827586	0.7689216166588045
gugu1253	0.2549019607843137	-0.41249906581701856
guhu1244	0.25	-0.4489471507019108
guiq1238	0.26851851851851855	-0.311254385581206
gulf1241	0.4489795918367347	1.0305475602379057
guma1254	0.2857142857142857	-0.18339681796912338
gumu1244	0.40384615384615385	0.6949619749162511
gunw1252	0.3644067796610169	0.4017140846624424
guny1241	0.3508771929824561	0.3011160698240329
guru1261	0.24107142857142858	-0.5153347338851078
guru1271	0.08771929824561403	-1.6555705924175597
gusi1247	0.4909090909090909	1.342310548277438
gyel1242	0.3135593220338983	0.023642424500507703
haaa1252	0.4583333333333333	1.1000964569060165
hadi1240	0.47413793103448276	1.217610109896963
hadz1240	0.423728813559322	0.8427976881846998
hait1244	0.06779661016949153	-1.8037039329488442
haka1240	0.4830508474576271	1.283881291706957
halh1238	0.3706896551724138	0.4484298357744059
hali1244	0.39655172413793105	0.6407249043050451
halk1245	0.4262295081967213	0.861391376389385
hame1242	0.48333333333333334	1.285981689818968
hang1263	0.25	-0.4489471507019108
hani1248	0.0423728813559322	-1.9927397630298116
hano1246	0.25862068965517243	-0.38484879452503096
haru1245	0.22033898305084745	-0.6694889524630395
hava1248	0.6037735849056604	2.1815042584436264
hawa1245	0.14655172413793102	-1.218127424824468
hebr1245	0.44339622641509435	0.9890329529643164
hela1238	0.2672413793103448	-0.3207504383481515
here1253	0.5	1.4099051784276022
hida1246	0.576271186440678	1.9770126686705047
high1276	0.5	1.4099051784276022
hind1269	0.3644067796610169	0.4017140846624424
hixk1239	0.6140350877192983	2.2578027320656258
hoaa1235	0.16393442622950818	-1.0888799197464973
hoav1238	0.325	0.10870854803694315
hone1235	0.29310344827586204	-0.12845536981751224
honi1244	0.06779661016949153	-1.8037039329488442
hooo1248	0.41836734693877553	0.8029329893240879
hopi1249	0.4642857142857143	1.1443548456948147
horp1239	0.4051724137931034	0.7048232604819247
hote1245	0.09615384615384616	-1.5928562763200729
huaa1248	0.12931034482758622	-1.3463241371782275
hual1241	0.47540983606557374	1.227067244414863
huam1247	0.3983050847457627	0.6537618581037324
huar1255	0.425	0.8522494796887482
huas1242	0.39473684210526316	0.6272305135309652
huba1236	0.3157894736842105	0.040224514858487194
huic1243	0.4830508474576271	1.283881291706957
hula1239	0.39285714285714285	0.6132541802292394
hula1244	0.2542372881355932	-0.4174411790217497
humb1243	0.14150943396226415	-1.255618916173209
hung1274	0.45081967213114754	1.0442293104021243
hunz1247	0.4732142857142857	1.2107424288780113
hupd1244	0.40816326530612246	0.7270614656861485
huuu1240	0	-2.307799479831424
iaai1238	0.2833333333333333	-0.20110017348464249
iatm1242	0.30327868852459017	-0.05279829367430968
ibal1244	0.37272727272727274	0.46358035632530475
iban1264	0.10833333333333334	-1.5022968038753015
iban1267	0.2672413793103448	-0.3207504383481515
ibat1238	0.3275862068965517	0.1279380548900069
icel1247	0.43103448275862066	0.8971183290125639
idii1243	0.37272727272727274	0.46358035632530475
idum1241	0.2980769230769231	-0.09147554894623529
idun1242	0.319672131147541	0.06909366233418311
ikkk1242	0.4230769230769231	0.8379506156185212
iliu1237	0.15384615384615385	-1.163890354213262
imba1240	0.4344262295081967	0.9223373543936314
indo1316	0.21	-0.746363523362633
ines1240	0.3793103448275862	0.5125281919512854
ingr1248	0.3524590163934426	0.3128775743511683
ingu1240	0.4444444444444444	0.9968268830654881
irar1238	0.2288135593220339	-0.6064770091027171
iris1253	0.3793103448275862	0.5125281919512854
iron1242	0.3275862068965517	0.1279380548900069
irul1243	0.2672413793103448	-0.3207504383481515
isco1239	0.4016393442622951	0.6785534423766463
isin1239	0.25510204081632654	-0.41101138888294114
isir1237	0.3148148148148148	0.03297752722055557
isna1241	0.24107142857142858	-0.5153347338851078
isth1240	0.2708333333333333	-0.2940427899411182
ital1282	0.4262295081967213	0.861391376389385
iton1250	0.36	0.3689478741150748
itza1241	0.4224137931034483	0.8330199728356844
iumi1238	0.05084745762711865	-1.9297278196694891
ivat1242	0.3559322033898305	0.33870214130212006
iyoo1238	0.3018867924528302	-0.06314761069389879
jalk1242	0.12727272727272726	-1.3614746577291263
jama1261	0.21929824561403508	-0.6772272612967635
jama1262	0.06862745098039216	-1.7975262914429302
jamb1236	0.25	-0.4489471507019108
jams1239	0.3018867924528302	-0.06314761069389879
japh1234	0.4666666666666667	1.1620582012103338
jaqa1244	0.42391304347826086	0.8441675130403591
jara1266	0.12727272727272726	-1.3614746577291263
jeha1242	0.16666666666666666	-1.0685645937450818
jenn1240	0.3490566037735849	0.28757924385883943
jina1244	0.3076923076923077	-0.019981228595100018
juan1238	0.4777777777777778	1.2446738602827567
juku1254	0.03508771929824561	-2.046907924865878
jurm1239	0.16666666666666666	-1.0685645937450818
kaba1278	0.5263157894736842	1.6055738446517613
kaba1281	0.14814814814814814	-1.2062573588657866
kach1280	0.2857142857142857	-0.18339681796912338
kach1284	0.4083333333333333	0.728325991080114
kada1242	0.2777777777777778	-0.24240800302085375
kado1242	0.20689655172413793	-0.7694389315863097
kafa1242	0.2909090909090909	-0.14477131502617246
kaga1256	0.22321428571428573	-0.6481099002515015
kagu1239	0.38333333333333336	0.542440758167163
kaik1246	0.3305084745762712	0.14966631122115273
kala1384	0.5277777777777778	1.6164443261086594
kala1388	0.3404255319148936	0.22340369174918956
kala1399	0.4661016949152542	1.1578574049863122
kali1308	0.36363636363636365	0.3959857261751406
kalk1246	0.3879310344827586	0.5766265481281653
kalm1243	0.3448275862068966	0.2561347672437667
kama1351	0.43103448275862066	0.8971183290125639
kamb1297	0.5181818181818182	1.5450944387279304
kamb1299	0.2767857142857143	-0.24978440115232003
kamm1249	0.21311475409836064	-0.7232040517210194
kamu1260	0.27049180327868855	-0.29658220569129484
kana1286	0.24489795918367346	-0.48688291252088056
kana1291	0.3979591836734694	0.6511899420482091
kani1286	0.4411764705882353	0.9725281598088932
kank1243	0.4322033898305085	0.9058096315450225
kaqc1270	0.33636363636363636	0.19320183572464822
kara1482	0.2708333333333333	-0.2940427899411182
kara1486	0.16666666666666666	-1.0685645937450818
kara1487	0.3706896551724138	0.4484298357744059
kara1500	0.3017241379310345	-0.06435701364063234
karb1241	0.3627450980392157	0.38935880165061454
kare1335	0.3524590163934426	0.3128775743511683
kare1338	0.09090909090909091	-1.6318531783297827
kari1254	0.325	0.10870854803694315
kari1311	0.32075471698113206	0.07714313112719651
karo1304	0.36363636363636365	0.3959857261751406
kash1277	0.4375	0.9451920961452239
katb1237	0.23333333333333334	-0.572870639310545
kats1235	0.05084745762711865	-1.9297278196694891
kava1241	0.35555555555555557	0.3359016104861059
kaya1315	0.23770491803278687	-0.5403661177082805
keap1239	0.37037037037037035	0.44605582258266935
keda1252	0.25	-0.4489471507019108
keig1242	0.36	0.3689478741150748
kele1258	0.16666666666666666	-1.0685645937450818
kele1259	0.3333333333333333	0.17067029234126002
kemb1249	0.13114754098360656	-1.3326638317634827
kens1248	0.045454545454545456	-1.9698263290806033
kenu1236	0.4262295081967213	0.861391376389385
keoo1238	0.016666666666666666	-2.1838759912227896
kera1255	0.28703703703703703	-0.17356162046050153
kesa1244	0.2857142857142857	-0.18339681796912338
kett1243	0.36666666666666664	0.41851726955852836
kgal1244	0.49038461538461536	1.3384108580764669
khak1248	0.43333333333333335	0.9142112239930655
khal1275	0.41228070175438597	0.757676291013738
kham1282	0.2672413793103448	-0.3207504383481515
khan1274	0.034482758620689655	-2.0514060551239046
khan1277	0.30833333333333335	-0.015214940571691028
khan1278	0.41818181818181815	0.801553507076125
khar1287	0.32456140350877194	0.10544740359987381
khar1288	0.375	0.4804790138628457
khas1269	0.13114754098360656	-1.3326638317634827
khez1235	0.16071428571428573	-1.1128229825338798
khin1240	0.44680851063829785	1.0144046828681312
khmu1256	0.043859649122807015	-1.9816850361244915
khva1239	0.3867924528301887	0.5681607275010304
kich1262	0.35454545454545455	0.32839109602497646
kiku1240	0.45535714285714285	1.0779672625116177
kile1243	0.3474576271186441	0.2756901979417978
kili1267	0.31666666666666665	0.04674680373262585
kimm1245	0	-2.307799479831424
kinn1249	0.4180327868852459	0.8004453983851391
kiow1266	0.4444444444444444	0.9968268830654881
kips1239	0.49	1.3355510852624217
klam1254	0.4019607843137255	0.6809434807297541
koda1255	0.30833333333333335	-0.015214940571691028
koho1244	0.11403508771929824	-1.4599019261934005
koir1240	0.3490566037735849	0.28757924385883943
koit1244	0.3392857142857143	0.21492868113005822
koko1269	0.225	-0.6348323836148622
kola1285	0.24509803921568626	-0.48539523558680336
kolb1240	0.3090909090909091	-0.009582054725844188
kolc1235	0.2818181818181818	-0.21236594517633658
kolu1245	0.22321428571428573	-0.6481099002515015
komb1274	0.2	-0.8207176165278134
komc1235	0.2641509433962264	-0.3437290943360894
komi1268	0.3474576271186441	0.2756901979417978
komi1269	0.4576271186440678	1.09484546162599
komi1270	0.4090909090909091	0.7339588769259613
kona1242	0.319672131147541	0.06909366233418311
konk1267	0.45535714285714285	1.0779672625116177
kony1248	0.28448275862068967	-0.19255372599439172
koon1244	0.61	2.227800203244588
koor1239	0.4473684210526316	1.0185678459792837
kore1280	0.3442622950819672	0.2519315963469219
koro1298	0.23333333333333334	-0.572870639310545
kosa1249	0.35185185185185186	0.3083630574619649
kosr1238	0.26666666666666666	-0.32502366209327666
kota1263	0.35454545454545455	0.32839109602497646
koti1238	0.5084745762711864	1.4729171217879244
kove1237	0.2711864406779661	-0.2914172923011047
koyr1240	0.12962962962962962	-1.3439501239864913
koyr1242	0.2222222222222222	-0.6554862983829679
koys1242	0.40384615384615385	0.6949619749162511
kryt1240	0.43	0.8894265262713384
kuan1247	0.5263157894736842	1.6055738446517613
kuan1248	0.20689655172413793	-0.7694389315863097
kuik1246	0.5	1.4099051784276022
kuku1273	0.2966101694915254	-0.10238146222013733
kuku1280	0.23469387755102042	-0.5627544361588197
kulu1253	0.3888888888888889	0.5837485877033742
kuma1276	0.28688524590163933	-0.17469024968280247
kuma1280	0.2777777777777778	-0.24240800302085375
kumb1268	0.4016393442622951	0.6785534423766463
kumz1235	0.24528301886792453	-0.4840198361571847
kuna1268	0.3173076923076923	0.05151309175603484
kunb1251	0.3442622950819672	0.2519315963469219
kuni1267	0.3157894736842105	0.040224514858487194
kunj1245	0.14285714285714285	-1.2455981489002736
kuot1243	0.39285714285714285	0.6132541802292394
kupa1239	0.07627118644067797	-1.7406919895885216
kurr1243	0.3076923076923077	-0.019981228595100018
kusa1251	0.325	0.10870854803694315
kusu1250	0.32407407407407407	0.1018239097809078
kute1248	0.125	-1.3783733152666673
kuyy1240	0.008771929824561403	-2.2425765910900375
kwai1243	0.19166666666666668	-0.8826793608321305
kwam1249	0.3148148148148148	0.03297752722055557
kwam1252	0.3135593220338983	0.023642424500507703
kwar1239	0.20833333333333334	-0.7587558722234963
kwaz1243	0.4411764705882353	0.9725281598088932
kweg1241	0.21296296296296297	-0.7243326809433202
kwin1241	0.3627450980392157	0.38935880165061454
kwom1262	0.15789473684210525	-1.1337874824864684
kxoe1243	0.36065573770491804	0.3738235523554147
kyer1238	0.3220338983050847	0.08665436786083001
laal1242	0.2872340425531915	-0.17209680381028106
labu1248	0.13725490196078433	-1.2872531030544363
lach1248	0	-2.307799479831424
lagw1237	0.33962264150943394	0.2174338729482918
lahu1252	0.15306122448979592	-1.1697266252623342
lahu1253	0.07142857142857142	-1.7766988143658489
lakk1252	0.4811320754716981	1.269614436606507
lala1264	0.5555555555555556	1.8229834737897164
lala1268	0.288135593220339	-0.16539340558045965
lama1277	0.19827586206896552	-0.8335372877631894
lamb1269	0.4375	0.9451920961452239
lamk1238	0.36666666666666664	0.41851726955852836
lang1320	0.5	1.4099051784276022
lara1260	0.0603448275862069	-1.8591109865932656
lash1243	0.10833333333333334	-1.5022968038753015
lati1261	0.4262295081967213	0.861391376389385
latv1249	0.5416666666666666	1.7197138999491874
lave1248	0.02459016393442623	-2.124961545818685
lavu1241	0.4426229508196721	0.9832833323978778
lazz1240	0.5098039215686274	1.4828013481973867
leco1242	0.3706896551724138	0.4484298357744059
lega1249	0.5086206896551724	1.4740035346044817
lele1267	0.2641509433962264	-0.3437290943360894
lele1270	0.2037037037037037	-0.7931790635036726
lele1276	0.19607843137254902	-0.8498760844357274
lemb1266	0.3474576271186441	0.2756901979417978
leme1238	0.01818181818181818	-2.1726102195310957
lena1238	0.27049180327868855	-0.29658220569129484
lend1245	0.2727272727272727	-0.2799605753265007
leng1259	0.21052631578947367	-0.7424501500381498
lepc1244	0.2672413793103448	-0.3207504383481515
lese1243	0.4537037037037037	1.0656732656258407
leti1246	0.31896551724137934	0.06383969871312743
lewo1242	0.1694915254237288	-1.0475606126249744
lewo1244	0.10655737704918032	-1.5155017657762215
lezg1247	0.3114754098360656	0.008147684329936717
liby1240	0.49019607843137253	1.3370090086578172
liji1238	0.20689655172413793	-0.7694389315863097
lika1243	0.46938775510204084	1.1822906075137845
lill1248	0.4918032786885246	1.3489592004233557
ling1265	0.16964285714285715	-1.0464353993506827
lipo1242	0.09322033898305085	-1.6146681028678767
lish1245	0.3148148148148148	0.03297752722055557
lisu1250	0.09322033898305085	-1.6146681028678767
lith1251	0.5163934426229508	1.531797134436095
litz1237	0.175	-1.0066028494407648
livv1243	0.3524590163934426	0.3128775743511683
livv1244	0.275	-0.2630619177889594
logo1259	0.3	-0.07717668487600832
loka1252	0.25	-0.4489471507019108
lolo1259	0.040983606557377046	-2.0030695898101922
lomb1257	0.4262295081967213	0.861391376389385
long1395	0.25961538461538464	-0.3774528303507756
loni1238	0.2033898305084746	-0.7955128391836844
lote1237	0.17543859649122806	-1.0033417050036955
loth1237	0.2672413793103448	-0.3207504383481515
louu1245	0.11206896551724138	-1.474520849531987
lowe1427	0.39622641509433965	0.638306098411578
lowl1260	0.32142857142857145	0.08215351476366449
lowl1265	0.40384615384615385	0.6949619749162511
luan1263	0.34210526315789475	0.23589318108264665
ludi1246	0.3360655737704918	0.1909856183426755
lugb1240	0.28431372549019607	-0.19381055650766404
lugu1238	0.5	1.4099051784276022
luis1253	0.4	0.6663642467757972
lule1254	0.3524590163934426	0.3128775743511683
lumu1239	0.37719298245614036	0.49678473604819234
lund1266	0.5729166666666666	1.9520704410903766
luok1236	0.3684210526315789	0.4315618473068057
lush1249	0.2457627118644068	-0.480453122382072
lush1252	0.3793103448275862	0.5125281919512854
luva1239	0.5175438596491229	1.5403509559103754
luya1241	0.4224137931034483	0.8330199728356844
maan1238	0.1792452830188679	-0.9750374325310184
maba1277	0.3942307692307692	0.6234676545651158
mace1250	0.39344262295081966	0.6176074643723999
maco1239	0.4528301886792453	1.059178323874864
macu1260	0.4491525423728814	1.0318335182656675
mada1285	0.3305084745762712	0.14966631122115273
madi1260	0.2807017543859649	-0.22066704010705848
madn1237	0.2777777777777778	-0.24240800302085375
maee1241	0.21666666666666667	-0.6967941279191792
magd1235	0.21052631578947367	-0.7424501500381498
maib1239	0.2	-0.8207176165278134
mail1248	0.2818181818181818	-0.21236594517633658
mais1250	0.28448275862068967	-0.19255372599439172
mait1250	0.3050847457627119	-0.03936951885981461
maja1242	0.34545454545454546	0.26079646587481237
maka1304	0.44339622641509435	0.9890329529643164
makc1235	0.009433962264150943	-2.2376541089208764
makh1264	0.4642857142857143	1.1443548456948147
makh1266	0.5089285714285714	1.4762927616107988
mako1251	0.5446428571428571	1.7418430943435863
mala1463	0.2641509433962264	-0.3437290943360894
mala1464	0.3442622950819672	0.2519315963469219
mala1479	0.13392857142857142	-1.3119857320834705
mala1481	0.19090909090909092	-0.8883122466779775
mala1522	0.5673076923076923	1.9103654208855478
male1284	0.3389830508474576	0.21267825458147505
male1289	0.23529411764705882	-0.5582914053565882
male1297	0.38181818181818183	0.5311749864754689
malg1251	0.3125	0.015765931580467414
mali1285	0.4375	0.9451920961452239
malo1243	0.2540983606557377	-0.41847416169978763
malt1254	0.5462962962962963	1.7541370912293637
malu1245	0.16071428571428573	-1.1128229825338798
mama1275	0.24528301886792453	-0.4840198361571847
mamb1294	0.31	-0.0028225917108277336
mamb1306	0.05172413793103448	-1.9232093427701453
mamm1241	0.38596491228070173	0.5620076247895786
mana1288	0.19672131147540983	-0.845096007729512
mana1295	0.34210526315789475	0.23589318108264665
mana1298	0.4180327868852459	0.8004453983851391
mand1415	0.04918032786885246	-1.942123611805946
mand1440	0.1810344827586207	-0.961734000116949
mang1378	0.05454545454545454	-1.902231698930439
mang1381	0.4180327868852459	0.8004453983851391
mang1394	0.509090909090909	1.477499808577766
mang1401	0.125	-1.3783733152666673
mang1403	0.20909090909090908	-0.7531229863776494
mang1405	0.11403508771929824	-1.4599019261934005
manm1238	0.02	-2.1590912935010627
maor1246	0.15517241379310345	-1.1540290686475883
mapo1242	0.09259259259259259	-1.6193356542279005
mapu1245	0.4166666666666667	0.7902877353844313
mara1378	0.425	0.8522494796887482
mara1379	0.30701754385964913	-0.024998373882899022
mara1382	0.14285714285714285	-1.2455981489002736
mara1386	0.07017543859649122	-1.7860163699003326
mara1399	0.1206896551724138	-1.410422493355107
marg1265	0.37719298245614036	0.49678473604819234
mari1416	0.36607142857142855	0.4140914306796486
mari1424	0.3611111111111111	0.37720944002231716
mari1426	0.3269230769230769	0.12300741210717012
mari1428	0.2672413793103448	-0.3207504383481515
mari1440	0.4661016949152542	1.1578574049863122
mars1254	0.27884615384615385	-0.23446418964850543
mart1255	0.3333333333333333	0.17067029234126002
maru1249	0.05	-1.9360290140055214
masa1322	0.2916666666666667	-0.1391384291803252
masb1238	0.2807017543859649	-0.22066704010705848
mask1242	0.330188679245283	0.14728850203774416
matb1237	0.14	-1.2668421755188966
mati1250	0.2631578947368421	-0.3511128175898313
mato1252	0.23275862068965517	-0.5771438630556704
mats1244	0.43333333333333335	0.9142112239930655
matu1261	0.2540983606557377	-0.41847416169978763
maun1240	0.3416666666666667	0.23263203664557733
maxa1247	0.1724137931034483	-1.0258323562938285
maya1285	0.43	0.8894265262713384
mayk1239	0.23	-0.5976553370322718
mayo1261	0.14814814814814814	-1.2062573588657866
mayo1264	0.4224137931034483	0.8330199728356844
maza1304	0.3620689655172414	0.38433147959752606
mban1263	0.15454545454545454	-1.158690767278634
mbar1260	0.24489795918367346	-0.48688291252088056
mbay1241	0.2037037037037037	-0.7931790635036726
mboc1235	0.49074074074074076	1.34105879586725
mbul1263	0.29508196721311475	-0.11374427167855608
mbya1239	0.38	0.517656060445436
meen1242	0.37735849056603776	0.4980153565904828
mehe1243	0.336734693877551	0.19596080022057316
meke1243	0.3770491803278688	0.4957155083639071
melo1242	0.38392857142857145	0.5468665970460428
melp1238	0.2627118644067797	-0.354429235661427
mere1242	0.16964285714285715	-1.0464353993506827
meru1245	0.4915254237288136	1.34689323506728
meta1238	0.28703703703703703	-0.17356162046050153
mezo1235	0.3	-0.07717668487600832
mezq1235	0.4322033898305085	0.9058096315450225
mich1245	0.4824561403508772	1.2794594009448295
miju1243	0.15833333333333333	-1.130526338049399
mika1239	0.5612244897959183	1.8651343202552377
mikm1235	0.5350877192982456	1.670796733393148
mila1245	0.3770491803278688	0.4957155083639071
mina1268	0.19444444444444445	-0.8620254460640249
mina1276	0.16379310344827586	-1.0899307124707085
minh1238	0.28703703703703703	-0.17356162046050153
mini1251	0.22033898305084745	-0.6694889524630395
mini1256	0.33962264150943394	0.2174338729482918
minn1241	0.13559322033898305	-1.2996083860662644
misk1235	0.37735849056603776	0.4980153565904828
mixt1426	0.2627118644067797	-0.354429235661427
miya1259	0.3135593220338983	0.023642424500507703
miya1266	0.2	-0.8207176165278134
mlab1235	0.07377049180327869	-1.7592856777932069
moba1244	0.21666666666666667	-0.6967941279191792
moch1257	0.375	0.4804790138628457
moco1246	0.32075471698113206	0.07714313112719651
mode1248	0.4918032786885246	1.3489592004233557
moke1242	0	-2.307799479831424
moki1238	0.25	-0.4489471507019108
mokl1243	0	-2.307799479831424
mokp1239	0.4491525423728814	1.0318335182656675
moks1248	0.3524590163934426	0.3128775743511683
mola1238	0.5084745762711864	1.4729171217879244
mono1270	0.16981132075471697	-1.045182803441566
mono1275	0.38596491228070173	0.5620076247895786
mopa1243	0.4019607843137255	0.6809434807297541
morm1235	0.21428571428571427	-0.7144974834346985
mose1249	0.40350877192982454	0.6924534022723514
mosi1247	0.41346153846153844	0.766456295267386
motl1237	0.13934426229508196	-1.2717178537592364
motu1246	0.3103448275862069	-2.586574637524554e-4
moun1252	0.23684210526315788	-0.5467814838139906
movi1243	0.3090909090909091	-0.009582054725844188
moyo1238	0.38392857142857145	0.5468665970460428
mpad1242	0.225	-0.6348323836148622
mpii1239	0.09821428571428571	-1.5775360648162582
mpot1240	0.5092592592592593	1.478751560987955
mpur1239	0.16666666666666666	-1.0685645937450818
mual1241	0.1557377049180328	-1.1498258977507436
mudu1239	0.32075471698113206	0.07714313112719651
mudu1242	0.30327868852459017	-0.05279829367430968
mull1237	0.46153846153846156	1.123927897023062
munc1235	0.3416666666666667	0.23263203664557733
mund1320	0.34375	0.24812247272165655
mund1325	0.30327868852459017	-0.05279829367430968
mund1328	0.16379310344827586	-1.0899307124707085
mund1330	0.52	1.5586133647579634
murl1244	0.3620689655172414	0.38433147959752606
muru1266	0.4074074074074074	0.7214413528240787
muru1274	0.3305084745762712	0.14966631122115273
musa1266	0.2545454545454545	-0.415149835626829
muso1238	0.22641509433962265	-0.6243105779782799
mwag1236	0.20833333333333334	-0.7587558722234963
mwan1247	0.5272727272727272	1.6126890688780942
mwer1248	0.5272727272727272	1.6126890688780942
naka1262	0.20833333333333334	-0.7587558722234963
nali1244	0.16666666666666666	-1.0685645937450818
namb1293	0.4152542372881356	0.7797857448243775
namu1246	0.23076923076923078	-0.591935791404181
nana1257	0.3360655737704918	0.1909856183426755
nand1266	0.45918367346938777	1.106419083875845
nang1262	0.43636363636363634	0.9367427673764532
naue1237	0.0423728813559322	-1.9927397630298116
naur1243	0.2719298245614035	-0.2858899288484447
nava1243	0.39344262295081966	0.6176074643723999
nawu1242	0.16666666666666666	-1.0685645937450818
ndam1239	0.5084745762711864	1.4729171217879244
ndog1248	0.025	-2.1219142469184726
negi1245	0.4090909090909091	0.7339588769259613
nend1239	0.4017857142857143	0.6796417634124364
nene1249	0.45081967213114754	1.0442293104021243
neng1238	0.16363636363636364	-1.09109613712847
nenn1238	0.45081967213114754	1.0442293104021243
nepa1254	0.4107142857142857	0.7460293465956331
nese1235	0.13559322033898305	-1.2996083860662644
newa1246	0.3684210526315789	0.4315618473068057
nezp1238	0.4051724137931034	0.7048232604819247
ngaa1240	0.3888888888888889	0.5837485877033742
ngab1239	0.3181818181818182	0.058012575424319944
ngal1292	0.36666666666666664	0.41851726955852836
ngam1268	0.1702127659574468	-1.0421978940411172
ngan1291	0.38333333333333336	0.542440758167163
ngar1235	0.35714285714285715	0.34770384749645195
ngar1283	0.5363636363636364	1.6802836990282588
ngar1284	0.5172413793103449	1.538101890781362
ngas1240	0.1206896551724138	-1.410422493355107
ngba1284	0.16666666666666666	-1.0685645937450818
ngba1285	0.21153846153846154	-0.7349244321064513
ngit1239	0.3389830508474576	0.21267825458147505
nhan1238	0.39090909090909093	0.598769616625633
nhen1239	0.28448275862068967	-0.19255372599439172
nica1252	0.10416666666666667	-1.53327767602746
niha1238	0.25	-0.4489471507019108
nila1242	0.5344827586206896	1.666298603135121
nisg1240	0.2727272727272727	-0.2799605753265007
niua1240	0.10833333333333334	-1.5022968038753015
niva1238	0.5833333333333334	2.0295226214707736
njan1240	0.13934426229508196	-1.2717178537592364
noct1238	0.16393442622950818	-1.0888799197464973
noku1237	0.13636363636363635	-1.2938800275789624
noon1242	0.5254237288135594	1.59894100850857
noon1243	0.32727272727272727	0.12560720557448407
nopa1235	0.19298245614035087	-0.8728959275209227
nort2671	0.3942307692307692	0.6234676545651158
nort2684	0.09016393442622951	-1.6373937217847143
nort2690	0.38524590163934425	0.5566614863681535
nort2697	0.4016393442622951	0.6785534423766463
nort2702	0.44642857142857145	1.011579679328421
nort2722	0.319672131147541	0.06909366233418311
nort2723	0.1896551724137931	-0.8976356439400692
nort2732	0.03333333333333333	-2.0599525026141556
nort2745	0.4083333333333333	0.728325991080114
nort2747	0.03333333333333333	-2.0599525026141556
nort2774	0.22916666666666666	-0.6038515114627037
nort2828	0.14035087719298245	-1.2642332599692412
nort2839	0.1016949152542373	-1.5516561595075542
nort2845	0.09322033898305085	-1.6146681028678767
nort2877	0.2672413793103448	-0.3207504383481515
nort2885	0.375	0.4804790138628457
nort2930	0.2909090909090909	-0.14477131502617246
nort2938	0.4824561403508772	1.2794594009448295
nort2942	0.36065573770491804	0.3738235523554147
nort2952	0.43103448275862066	0.8971183290125639
nort2954	0.41228070175438597	0.757676291013738
nort2957	0.5267857142857143	1.6090679279771931
nort2959	0.4745762711864407	1.2208693483466349
nort2961	0.38333333333333336	0.542440758167163
nort2972	0.48148148148148145	1.2722124133068973
nort2980	0.4152542372881356	0.7797857448243775
nort3047	0.19811320754716982	-0.8347466907099229
nort3139	0.48	1.261196992097241
nots1237	0.3113207547169811	0.006997760216648855
nsen1242	0.49074074074074076	1.34105879586725
nubi1253	0.20588235294117646	-0.7769799146659426
nucl1235	0.4152542372881356	0.7797857448243775
nucl1240	0.22413793103448276	-0.6412422192325501
nucl1301	0.4344262295081967	0.9223373543936314
nucl1302	0.45081967213114754	1.0442293104021243
nucl1305	0.325	0.10870854803694315
nucl1310	0.39166666666666666	0.6044025024714799
nucl1327	0.3181818181818182	0.058012575424319944
nucl1417	0.2457627118644068	-0.480453122382072
nucl1458	0.47058823529411764	1.1912166691182478
nucl1593	0.19298245614035087	-0.8728959275209227
nucl1622	0.35833333333333334	0.3565555252542115
nucl1630	0.2909090909090909	-0.14477131502617246
nucl1633	0.2631578947368421	-0.3511128175898313
nucl1643	0.30327868852459017	-0.05279829367430968
nucl1706	0.42857142857142855	0.8788045129620269
nuer1246	0.3125	0.015765931580467414
nukn1238	0.35964912280701755	0.3663389585654195
nung1282	0.34545454545454546	0.26079646587481237
nupe1254	0.07627118644067797	-1.7406919895885216
nusu1239	0.08333333333333333	-1.688182036788253
nuuc1236	0.3557692307692308	0.33749037316057556
nuuu1241	0.14423076923076922	-1.2353846745643973
nyah1250	0.08196721311475409	-1.6983396997889608
nyak1260	0.44	0.963780619436519
nyal1254	0.25833333333333336	-0.38698540639759355
nyam1285	0.17857142857142858	-0.9800478161674859
nyan1307	0.4830508474576271	1.283881291706957
nyat1246	0.5677966101694916	1.9140007253101823
nyor1246	0.5	1.4099051784276022
nyul1247	0.38	0.517656060445436
obok1239	0.17307692307692307	-1.020901713510992
occi1239	0.4262295081967213	0.861391376389385
ofay1240	0.19811320754716982	-0.8347466907099229
okan1243	0.4322033898305085	0.9058096315450225
okin1246	0.26785714285714285	-0.31617198433551713
oksa1245	0.33620689655172414	0.1920364110668868
olde1238	0.48333333333333334	1.285981689818968
oldk1249	0.07272727272727272	-1.7670424386301111
oldm1242	0.1016949152542373	-1.5516561595075542
oloo1241	0.3333333333333333	0.17067029234126002
olut1240	0.5357142857142857	1.6754555111603897
omie1241	0.4117647058823529	0.7538396504995386
onaa1245	0.375	0.4804790138628457
onon1246	0.4745762711864407	1.2208693483466349
onto1237	0.23148148148148148	-0.5866399158226155
oriy1255	0.4166666666666667	0.7902877353844313
oroc1248	0.4166666666666667	0.7902877353844313
orok1265	0.3617021276595745	0.3816038899729781
orok1267	0.18421052631578946	-0.9381188162623091
orok1269	0.29310344827586204	-0.12845536981751224
orow1242	0.25925925925925924	-0.38010076814155863
otta1242	0.6	2.153446110079407
owaa1237	0.35294117647058826	0.31646263188083
paaa1242	0.36607142857142855	0.4140914306796486
paas1238	0.06557377049180328	-1.8202316557974532
paco1243	0.058333333333333334	-1.8740672697012042
pagi1243	0.49056603773584906	1.3397598075170545
pagu1249	0.3490566037735849	0.28757924385883943
pahn1237	0	-2.307799479831424
pait1244	0.46226415094339623	1.1293236947854117
pala1344	0.3050847457627119	-0.03936951885981461
pamo1252	0.2692307692307692	-0.3059585099996407
pamp1243	0.3018867924528302	-0.06314761069389879
pana1307	0.37254901960784315	0.46225497142039956
pang1287	0.5192307692307693	1.5528938191298727
pang1290	0.3017241379310345	-0.06435701364063234
panj1256	0.4344262295081967	0.9223373543936314
pano1255	0.4051724137931034	0.7048232604819247
pany1241	0.30357142857142855	-0.05062165160272966
papa1265	0.2786885245901639	-0.23563622768704887
papu1250	0.125	-1.3783733152666673
para1301	0.03508771929824561	-2.046907924865878
para1302	0.17647058823529413	-0.995668423975297
patp1243	0.26666666666666666	-0.32502366209327666
patt1248	0.3135593220338983	0.023642424500507703
paul1238	0.2966101694915254	-0.10238146222013733
pawn1254	0.35185185185185186	0.3083630574619649
payn1244	0.2962962962962963	-0.10471523790014929
peer1241	0.5	1.4099051784276022
pela1242	0.02459016393442623	-2.124961545818685
pemo1248	0.44339622641509435	0.9890329529643164
pend1242	0.3360655737704918	0.1909856183426755
peng1244	0.375	0.4804790138628457
phai1238	0	-2.307799479831424
phoe1239	0.4	0.6663642467757972
phom1236	0.24509803921568626	-0.48539523558680336
pich1237	0.4444444444444444	0.9968268830654881
piji1239	0.05555555555555555	-1.8947211844693097
pila1245	0.43333333333333335	0.9142112239930655
pile1238	0.16101694915254236	-1.110572555985297
pima1248	0.35454545454545455	0.32839109602497646
pina1252	0.25	-0.4489471507019108
ping1243	0.3125	0.015765931580467414
pipi1250	0.5087719298245614	1.4751280671689888
pite1240	0.30327868852459017	-0.05279829367430968
pitt1247	0.30701754385964913	-0.024998373882899022
plai1258	0.5689655172413793	1.9226920278426405
plau1238	0.38596491228070173	0.5620076247895786
pnar1238	0.22033898305084745	-0.6694889524630395
pohn1238	0.26666666666666666	-0.32502366209327666
poko1263	0.5333333333333333	1.6577521556448707
poli1260	0.5655737704918032	1.8974730024615725
popt1235	0.3706896551724138	0.4484298357744059
port1283	0.4426229508196721	0.9832833323978778
port1285	0.3181818181818182	0.058012575424319944
psik1239	0.25	-0.4489471507019108
puka1242	0.2604166666666667	-0.37149497032151435
pulu1242	0.25892857142857145	-0.3825595675187138
puma1239	0.41509433962264153	0.7785968402326734
puni1241	0.4	0.6663642467757972
pura1257	0.28125	-0.2165906095607217
pure1242	0.525	1.5957904113405537
puri1258	0.32786885245901637	0.1300396403384291
qanj1241	0.39285714285714285	0.6132541802292394
qawa1238	0.23684210526315788	-0.5467814838139906
qima1242	0.3490566037735849	0.28757924385883943
quap1242	0.42727272727272725	0.8691481372262891
quer1236	0.4322033898305085	0.9058096315450225
quil1240	0.6111111111111112	2.2360617691518305
quio1240	0.26785714285714285	-0.31617198433551713
rabh1238	0.28448275862068967	-0.19255372599439172
rade1240	0.034482758620689655	-2.0514060551239046
raji1240	0.4519230769230769	1.0524335766719266
rapa1244	0.07758620689655173	-1.730914274239506
rapa1245	0.07377049180327869	-1.7592856777932069
raro1241	0.05454545454545454	-1.902231698930439
rata1244	0.3644067796610169	0.4017140846624424
remb1250	0.0673076923076923	-1.8073392373734782
reng1252	0.09090909090909091	-1.6318531783297827
renn1242	0.19444444444444445	-0.8620254460640249
rere1240	0.058823529411764705	-1.870422461212715
rikb1245	0.5454545454545454	1.7478783291784226
roma1326	0.3879310344827586	0.5766265481281653
romb1245	0.2830188679245283	-0.2034383525149941
rong1264	0.31666666666666665	0.04674680373262585
rong1266	0.35454545454545455	0.32839109602497646
ronn1241	0.3076923076923077	-0.019981228595100018
roto1249	0.4298245614035088	0.8881220684965109
rotu1241	0.2641509433962264	-0.3437290943360894
rovi1238	0.24561403508771928	-0.4815585950726042
ruch1235	0.04310344827586207	-1.9873076989470249
ruka1240	0.4262295081967213	0.861391376389385
ruma1248	0	-2.307799479831424
rung1258	0.4649122807017544	1.1490136234620565
russ1263	0.5	1.4099051784276022
russ1264	0.4322033898305085	0.9058096315450225
saaa1241	0.2545454545454545	-0.415149835626829
saar1237	0.19672131147540983	-0.845096007729512
saba1263	0.02631578947368421	-2.1121308136072647
saba1268	0.33035714285714285	0.14854109794686116
sabu1255	0.14285714285714285	-1.2455981489002736
saga1262	0.5	1.4099051784276022
sais1237	0.3770491803278688	0.4957155083639071
saka1289	0.3114754098360656	0.008147684329936717
samb1305	0.045454545454545456	-1.9698263290806033
samb1311	0.16666666666666666	-1.0685645937450818
samo1305	0.16393442622950818	-1.0888799197464973
sana1295	0.3627450980392157	0.38935880165061454
sana1297	0.018867924528301886	-2.1675087380103286
sanb1241	0.22321428571428573	-0.6481099002515015
sanb1242	0.36363636363636365	0.3959857261751406
sand1278	0.3898305084745763	0.5907499147434101
sang1331	0.5094339622641509	1.48005054933815
sani1269	0.044642857142857144	-1.9758615639154393
sanj1284	0.2978723404255319	-0.09299670469838718
sanm1289	0.4491525423728814	1.0318335182656675
sanm1295	0.19672131147540983	-0.845096007729512
sant1410	0.43137254901960786	0.8996319900391085
sant1436	0.37254901960784315	0.46225497142039956
sant1451	0.22641509433962265	-0.6243105779782799
sanu1240	0.3163265306122449	0.04421775294469479
sapu1248	0.06862745098039216	-1.7975262914429302
sara1321	0.10204081632653061	-1.5490842434520309
sara1340	0.1440677966101695	-1.2365964427059417
sars1236	0.42105263157894735	0.8228991797551243
sasa1249	0.2037037037037037	-0.7931790635036726
sauk1252	0.2542372881355932	-0.4174411790217497
saur1249	0.3813559322033898	0.5277379713830874
savo1255	0.3333333333333333	0.17067029234126002
seda1262	0.08333333333333333	-1.688182036788253
seim1238	0.2033898305084746	-0.7955128391836844
seke1241	0.23728813559322035	-0.5434650657423945
sela1259	0.21551724137931033	-0.70534057540943
selk1253	0.3793103448275862	0.5125281919512854
sema1265	0.16666666666666666	-1.0685645937450818
seme1247	0.30327868852459017	-0.05279829367430968
sene1264	0.3620689655172414	0.38433147959752606
seri1257	0.45614035087719296	1.08379073472067
serr1255	0.2719298245614035	-0.2858899288484447
seve1240	0.4583333333333333	1.1000964569060165
sgaw1245	0.23076923076923078	-0.591935791404181
shab1252	0.559322033898305	1.8509887819498592
shan1283	0.3983050847457627	0.6537618581037324
shaw1249	0.559322033898305	1.8509887819498592
shee1238	0.0196078431372549	-2.162007140291854
shil1265	0.288135593220339	-0.16539340558045965
ship1254	0.46296296296296297	1.1345196481861928
shix1238	0.36666666666666664	0.41851726955852836
shol1240	0.3050847457627119	-0.03936951885981461
shon1251	0.47413793103448276	1.217610109896963
shor1247	0.4344262295081967	0.9223373543936314
shos1248	0.5081967213114754	1.4708511564318487
shua1257	0.509090909090909	1.477499808577766
shwe1236	0.0660377358490566	-1.8167818834575904
sich1238	0.175	-1.0066028494407648
sici1248	0.3793103448275862	0.5125281919512854
siee1239	0.4051724137931034	0.7048232604819247
sier1250	0.25	-0.4489471507019108
sika1261	0.13559322033898305	-1.2996083860662644
siks1238	0.509090909090909	1.477499808577766
sile1255	0.29245283018867924	-0.13329298160444644
sina1266	0.30833333333333335	-0.015214940571691028
sing1264	0.1557377049180328	-1.1498258977507436
sioo1240	0.17857142857142858	-0.9800478161674859
sira1267	0.2727272727272727	-0.2799605753265007
siri1273	0.3611111111111111	0.37720944002231716
situ1238	0.5089285714285714	1.4762927616107988
sius1254	0.3813559322033898	0.5277379713830874
siwi1239	0.4803921568627451	1.2641128388880327
skol1241	0.3360655737704918	0.1909856183426755
slov1268	0.4180327868852459	0.8004453983851391
soch1239	0.25862068965517243	-0.38484879452503096
soga1242	0.4661016949152542	1.1578574049863122
sons1242	0.211864406779661	-0.7325008958233621
sooo1254	0.06896551724137931	-1.7950126304163858
sout1528	0.425	0.8522494796887482
sout2649	0.4298245614035088	0.8881220684965109
sout2674	0.30327868852459017	-0.05279829367430968
sout2679	0.3416666666666667	0.23263203664557733
sout2728	0.38524590163934425	0.5566614863681535
sout2729	0.1885245901639344	-0.9060419857337584
sout2730	0.009615384615384616	-2.2363051594802887
sout2782	0.1810344827586207	-0.961734000116949
sout2807	0.48333333333333334	1.285981689818968
sout2856	0.319672131147541	0.06909366233418311
sout2857	0.20833333333333334	-0.7587558722234963
sout2869	0.3157894736842105	0.040224514858487194
sout2895	0.23529411764705882	-0.5582914053565882
sout2918	0.2037037037037037	-0.7931790635036726
sout2954	0.29245283018867924	-0.13329298160444644
sout2956	0.3442622950819672	0.2519315963469219
sout2959	0.36065573770491804	0.3738235523554147
sout2976	0.4537037037037037	1.0656732656258407
sout2985	0.4322033898305085	0.9058096315450225
sout2989	0.4344262295081967	0.9223373543936314
sout2994	0.3	-0.07717668487600832
sout2996	0.4180327868852459	0.8004453983851391
sout3236	0.43137254901960786	0.8996319900391085
sout3261	0.4722222222222222	1.203366030746545
sril1245	0.2833333333333333	-0.20110017348464249
stan1289	0.4098360655737705	0.7394994203808927
stan1290	0.45901639344262296	1.1051752884063706
stan1293	0.29508196721311475	-0.11374427167855608
stan1306	0.19672131147540983	-0.845096007729512
stan1318	0.5192307692307693	1.5528938191298727
suda1237	0.1875	-0.9136602329842891
sude1239	0.32142857142857145	0.08215351476366449
sume1241	0.3508771929824561	0.3011160698240329
sumi1235	0.30327868852459017	-0.05279829367430968
sund1252	0.23148148148148148	-0.5866399158226155
sunw1242	0.3055555555555556	-0.035868855339796654
supy1237	0.30327868852459017	-0.05279829367430968
surg1248	0.288135593220339	-0.16539340558045965
surs1246	0.19090909090909092	-0.8883122466779775
swah1253	0.5	1.4099051784276022
swed1254	0.35	0.2945937809498942
taba1263	0.23728813559322035	-0.5434650657423945
tabo1241	0.4423076923076923	0.9809392563207914
taga1272	0.1875	-0.9136602329842891
taha1241	0.5086206896551724	1.4740035346044817
tahi1242	0.13934426229508196	-1.2717178537592364
taia1239	0.35294117647058826	0.31646263188083
taji1246	0.25833333333333336	-0.38698540639759355
take1257	0.3728813559322034	0.4647260280227651
taku1257	0.18421052631578946	-0.9381188162623091
tama1365	0.5245901639344263	1.5927431124403415
tami1289	0.319672131147541	0.06909366233418311
tane1237	0.07377049180327869	-1.7592856777932069
tang1334	0.09433962264150944	-1.6063457707259472
tang1336	0.27586206896551724	-0.2566520821712716
tang1347	0.15454545454545454	-1.158690767278634
tang1373	0.125	-1.3783733152666673
tang1377	0.3559322033898305	0.33870214130212006
tanz1241	0.475	1.2240199455146508
tara1313	0.31896551724137934	0.06383969871312743
tari1256	0.6538461538461539	2.553814304045764
tari1263	0.46938775510204084	1.1822906075137845
tata1255	0.44166666666666665	0.9761729682973824
tata1257	0.3333333333333333	0.17067029234126002
taul1251	0.2631578947368421	-0.3511128175898313
taus1251	0.3559322033898305	0.33870214130212006
taus1253	0.3611111111111111	0.37720944002231716
taya1257	0.4583333333333333	1.1000964569060165
tbol1240	0.20689655172413793	-0.7694389315863097
tean1237	0.10344827586206896	-1.5386192057088668
teda1241	0.38181818181818183	0.5311749864754689
tedi1235	0.5181818181818182	1.5450944387279304
tehu1242	0.2966101694915254	-0.10238146222013733
teke1275	0.3644067796610169	0.4017140846624424
tekt1235	0.3942307692307692	0.6234676545651158
temi1246	0.3017241379310345	-0.06435701364063234
tene1248	0.3584905660377358	0.3577246147693871
tenn1246	0.45454545454545453	1.0719320276767816
teop1238	0.23636363636363636	-0.550339095927157
tera1251	0.1595744680851064	-1.1212979931530112
teri1250	0.24528301886792453	-0.4840198361571847
term1237	0.25862068965517243	-0.38484879452503096
tern1247	0.16666666666666666	-1.0685645937450818
tete1251	0.5175438596491229	1.5403509559103754
tetu1246	0.125	-1.3783733152666673
tezo1238	0.25	-0.4489471507019108
thad1238	0.4482758620689655	1.0253150413663237
thak1245	0.19672131147540983	-0.845096007729512
than1259	0.33035714285714285	0.14854109794686116
thao1240	0.23275862068965517	-0.5771438630556704
thul1246	0.33636363636363636	0.19320183572464822
tibe1272	0.30327868852459017	-0.05279829367430968
ticu1245	0.4117647058823529	0.7538396504995386
tief1242	0.1724137931034483	-1.0258323562938285
tief1244	0.2457627118644068	-0.480453122382072
tiga1245	0.1694915254237288	-1.0475606126249744
tigo1236	0.23148148148148148	-0.5866399158226155
tika1246	0.4152542372881356	0.7797857448243775
tiko1237	0.2	-0.8207176165278134
timn1235	0.5363636363636364	1.6802836990282588
timu1262	0.3431372549019608	0.24356646211104502
tiri1258	0.15833333333333333	-1.130526338049399
tita1241	0.0847457627118644	-1.677680046228199
toab1237	0.2540983606557377	-0.41847416169978763
toar1246	0.11666666666666667	-1.4403350595709845
toba1268	0.4426229508196721	0.9832833323978778
tobe1252	0.3050847457627119	-0.03936951885981461
toho1245	0.3114754098360656	0.008147684329936717
tojo1241	0.39344262295081966	0.6176074643723999
toke1240	0.3157894736842105	0.040224514858487194
tokp1240	0.0603448275862069	-1.8591109865932656
tomm1242	0.33962264150943394	0.2174338729482918
tond1249	0.11320754716981132	-1.466055028904852
tong1308	0.16037735849056603	-1.1153281743521137
tong1318	0.5	1.4099051784276022
tong1325	0.16071428571428573	-1.1128229825338798
tong1329	0.2777777777777778	-0.24240800302085375
tonk1249	0.5272727272727272	1.6126890688780942
toor1238	0.475	1.2240199455146508
torr1261	0.14754098360655737	-1.21077187575499
tosk1239	0.4322033898305085	0.9058096315450225
tote1238	0.5	1.4099051784276022
toto1302	0.27	-0.3002389643715497
trio1238	0.4016393442622951	0.6785534423766463
trum1247	0.22807017543859648	-0.612004372555377
tsam1247	0.36666666666666664	0.41851726955852836
tsat1238	0	-2.307799479831424
tsha1245	0.2543859649122807	-0.4163357063312175
tsis1238	0.4	0.6663642467757972
tsix1234	0.3360655737704918	0.1909856183426755
tsog1243	0.41379310344827586	0.7689216166588045
tson1249	0.21551724137931033	-0.70534057540943
tswa1253	0.5188679245283019	1.5501959202486975
tswa1255	0.3877551020408163	0.5753184184102698
tuba1278	0.41964285714285715	0.8124169297788302
tugu1245	0.23469387755102042	-0.5627544361588197
tuka1248	0.3482142857142857	0.28131626431325485
tuki1240	0.4636363636363636	1.1395266578269456
tula1252	0.39285714285714285	0.6132541802292394
tule1245	0.33620689655172414	0.1920364110668868
tulu1258	0.3333333333333333	0.17067029234126002
tung1290	0.19298245614035087	-0.8728959275209227
tuni1252	0.32407407407407407	0.1018239097809078
tunn1238	0.3448275862068966	0.2561347672437667
tupi1273	0.5471698113207547	1.7606320329803404
turk1303	0.39473684210526316	0.6272305135309652
turk1304	0.44166666666666665	0.9761729682973824
tusc1257	0.43636363636363634	0.9367427673764532
tutu1241	0.19298245614035087	-0.8728959275209227
tuva1244	0.13793103448275862	-1.2822257810013478
tuvi1240	0.3983050847457627	0.6537618581037324
tuwa1243	0.4016393442622951	0.6785534423766463
tuwu1238	0.20833333333333334	-0.7587558722234963
ubir1237	0.2	-0.8207176165278134
ubyk1235	0.5267857142857143	1.6090679279771931
udih1248	0.4180327868852459	0.8004453983851391
udii1243	0.42391304347826086	0.8441675130403591
ugar1238	0.4722222222222222	1.203366030746545
ughe1237	0.1864406779661017	-0.9215367259043294
ukra1253	0.49038461538461536	1.3384108580764669
ulch1241	0.4224137931034483	0.8330199728356844
ulit1238	0.25	-0.4489471507019108
ulwa1239	0.35185185185185186	0.3083630574619649
umbu1257	0.5185185185185185	1.5475979435483067
umbu1258	0.2727272727272727	-0.2799605753265007
umes1235	0.35714285714285715	0.34770384749645195
unua1237	0.1885245901639344	-0.9060419857337584
uppe1275	0.5277777777777778	1.6164443261086594
uppe1439	0.45689655172413796	1.0894133975432037
urak1238	0.10909090909090909	-1.4966639180294548
urar1246	0.2982456140350877	-0.09022126262428565
urav1235	0.33636363636363636	0.19320183572464822
urim1252	0.1864406779661017	-0.9215367259043294
urip1239	0.19166666666666668	-0.8826793608321305
urni1239	0.2653061224489796	-0.3351398652450018
uruu1244	0.3	-0.07717668487600832
utes1238	0.3983050847457627	0.6537618581037324
veps1250	0.38333333333333336	0.542440758167163
vera1241	0.09836065573770492	-1.576447743780468
viem1243	0.3617021276595745	0.3816038899729781
voti1245	0.3611111111111111	0.37720944002231716
vunj1238	0.4716981132075472	1.1994690656959592
vure1239	0.09016393442622951	-1.6373937217847143
wage1238	0.26785714285714285	-0.31617198433551713
waig1244	0.125	-1.3783733152666673
waim1251	0.375	0.4804790138628457
waiw1244	0.3524590163934426	0.3128775743511683
wala1266	0.18269230769230768	-0.9494073931598568
wall1257	0.1440677966101695	-1.2365964427059417
wamb1257	0.3474576271186441	0.2756901979417978
wand1267	0.27884615384615385	-0.23446418964850543
wand1278	0.3	-0.07717668487600832
wang1291	0.43103448275862066	0.8971183290125639
waor1240	0.28	-0.22588487120636908
wapp1239	0.27358490566037735	-0.2735837234255417
wara1294	0.36666666666666664	0.41851726955852836
wara1303	0.375	0.4804790138628457
ward1246	0.4298245614035088	0.8881220684965109
ware1253	0.32456140350877194	0.10544740359987381
wari1268	0.15254237288135594	-1.1735844993456193
warj1242	0.14912280701754385	-1.1990103712278548
waru1265	0.35714285714285715	0.34770384749645195
wash1253	0.4074074074074074	0.7214413528240787
wawa1246	0.3474576271186441	0.2756901979417978
waya1269	0.4262295081967213	0.861391376389385
wayu1241	0.2543859649122807	-0.4163357063312175
wels1247	0.3157894736842105	0.040224514858487194
weri1253	0.3269230769230769	0.12300741210717012
west2354	0.3333333333333333	0.17067029234126002
west2369	0.423728813559322	0.8427976881846998
west2386	0.41818181818181815	0.801553507076125
west2392	0.36607142857142855	0.4140914306796486
west2396	0.00819672131147541	-2.2468535018271774
west2397	0.08	-1.7129667345099797
west2415	0.3113207547169811	0.006997760216648855
west2418	0.4262295081967213	0.861391376389385
west2430	0.075	-1.75014378109257
west2441	0.34210526315789475	0.23589318108264665
west2466	0.26666666666666666	-0.32502366209327666
west2516	0.14754098360655737	-1.21077187575499
west2519	0.2459016393442623	-0.4794201397040341
west2548	0.18867924528301888	-0.9048920616204705
west2557	0.37719298245614036	0.49678473604819234
west2560	0.24561403508771928	-0.4815585950726042
west2594	0.4298245614035088	0.8881220684965109
west2600	0.14150943396226415	-1.255618916173209
west2615	0.37735849056603776	0.4980153565904828
west2632	0.2169811320754717	-0.6944559488888277
west2635	0.4732142857142857	1.2107424288780113
west2644	0.19166666666666668	-0.8826793608321305
west2650	0.018518518518518517	-2.1701067147107196
west2763	0.46226415094339623	1.1293236947854117
whit1269	0.25892857142857145	-0.3825595675187138
wint1259	0.5508474576271186	1.787976838589537
wiru1244	0.35	0.2945937809498942
woii1237	0.16393442622950818	-1.0888799197464973
wola1242	0.36666666666666664	0.41851726955852836
wola1253	0.49019607843137253	1.3370090086578172
woli1241	0.3360655737704918	0.1909856183426755
wood1236	0.4807692307692308	1.266916537725332
worr1237	0.45918367346938777	1.106419083875845
wotu1240	0.2542372881355932	-0.4174411790217497
woun1238	0.4803921568627451	1.2641128388880327
wuch1236	0.11666666666666667	-1.4403350595709845
wudi1238	0.15384615384615385	-1.163890354213262
wusa1235	0.00819672131147541	-2.2468535018271774
wutu1241	0.3114754098360656	0.008147684329936717
wuvu1239	0.3431372549019608	0.24356646211104502
xamt1239	0.4583333333333333	1.1000964569060165
xara1244	0.13934426229508196	-1.2717178537592364
xava1240	0.35454545454545455	0.32839109602497646
xinc1242	0.3269230769230769	0.12300741210717012
xinc1243	0.29411764705882354	-0.12091438673787906
xinc1246	0.38181818181818183	0.5311749864754689
xink1235	0.3269230769230769	0.12300741210717012
xish1235	0.03508771929824561	-2.046907924865878
xokl1240	0.3333333333333333	0.17067029234126002
yaak1241	0.4649122807017544	1.1490136234620565
yaey1239	0.3113207547169811	0.006997760216648855
yagu1244	0.4	0.6663642467757972
yaka1277	0.15789473684210525	-1.1337874824864684
yaki1237	0.39166666666666666	0.6044025024714799
yakk1236	0.28431372549019607	-0.19381055650766404
yaku1245	0.38524590163934425	0.5566614863681535
yala1262	0.375	0.4804790138628457
yale1246	0.3392857142857143	0.21492868113005822
yami1254	0.4262295081967213	0.861391376389385
yami1256	0.4067796610169492	0.7167738014640551
yano1261	0.41228070175438597	0.757676291013738
yape1248	0.175	-1.0066028494407648
yapu1240	0.37254901960784315	0.46225497142039956
yaqu1251	0.49056603773584906	1.3397598075170545
yare1248	0.330188679245283	0.14728850203774416
yatz1235	0.375	0.4804790138628457
yaul1241	0.2033898305084746	-0.7955128391836844
yaum1237	0.42857142857142855	0.8788045129620269
yawa1260	0.42727272727272725	0.8691481372262891
yawu1244	0.31666666666666665	0.04674680373262585
yayg1236	0.25	-0.4489471507019108
yecu1235	0.45535714285714285	1.0779672625116177
yele1255	0.42105263157894735	0.8228991797551243
yems1235	0.3898305084745763	0.5907499147434101
yidi1250	0.26	-0.3745930575367303
yind1247	0.32142857142857145	0.08215351476366449
yoga1237	0.26229508196721313	-0.35752818369554124
yoku1256	0.375	0.4804790138628457
yona1241	0.3333333333333333	0.17067029234126002
yong1270	0.19607843137254902	-0.8498760844357274
yong1280	0.25	-0.4489471507019108
youl1235	0.24166666666666667	-0.5109088950062279
youn1235	0.025	-2.1219142469184726
yuca1254	0.36666666666666664	0.41851726955852836
yuch1247	0.20535714285714285	-0.7808850666178954
yuec1235	0.20754716981132076	-0.7646013197993753
yuki1243	0.4090909090909091	0.7339588769259613
yulp1239	0.3333333333333333	0.17067029234126002
yulu1243	0.2755102040816326	-0.2592683416070628
yuqu1240	0.5588235294117647	1.8472821970463114
yura1255	0.33035714285714285	0.14854109794686116
yuro1248	0.12962962962962962	-1.3439501239864913
zaba1237	0.3135593220338983	0.023642424500507703
zaca1241	0.5344827586206896	1.666298603135121
zaca1242	0.11818181818181818	-1.4290692878792906
zagh1240	0.3983050847457627	0.6537618581037324
zaiw1241	0.15789473684210525	-1.1337874824864684
zamb1245	0.4649122807017544	1.1490136234620565
zani1235	0.36792452830188677	0.42786998567993473
zarm1239	0.13934426229508196	-1.2717178537592364
zaye1235	0.03278688524590164	-2.0640155678144385
zays1235	0.35454545454545455	0.32839109602497646
zeme1240	0.23684210526315788	-0.5467814838139906
zoog1238	0.2894736842105263	-0.15544415136567186
zuni1245	0.4375	0.9451920961452239
