Language_ID	Informativity	informativity_st
abar1238	0.2692307692307692	-0.44542519596305563
abkh1244	0.48	2.1458847286163936
abua1245	0.2708333333333333	-0.42572241368979347
abun1252	0.25925925925925924	-0.568020285663354
acha1249	0.18867924528301888	-1.4357688181511798
achi1256	0.34782608695652173	0.5208677781343272
achi1257	0.24528301886792453	-0.7398516782352006
achu1248	0.28846153846153844	-0.20899180868390896
acol1236	0.2653061224489796	-0.4936769076526771
adan1251	0.35294117647058826	0.5837554310167604
adon1237	0.13333333333333333	-2.116221132735693
adze1240	0.2926829268292683	-0.15709179684214492
afar1241	0.2830188679245283	-0.27590691829121444
aghe1239	0.34615384615384615	0.5003083531535317
aghu1255	0.29411764705882354	-0.13945257713121828
aghw1237	0.3191489361702128	0.16829551144238972
agob1244	0.3148148148148148	0.11500949980973715
agua1253	0.4	1.1623218375351434
agut1237	0.32608695652173914	0.2535952533839874
aheu1239	0.24528301886792453	-0.7398516782352006
ahom1240	0.23529411764705882	-0.862660585279197
aime1238	0.3469387755102041	0.5099586954914562
ainu1240	0.375	0.8549584340722521
ajab1235	0.22448979591836735	-0.995494709224744
ajie1238	0.3333333333333333	0.34268609496743374
akab1249	0.24074074074074073	-0.795696880821051
akha1245	0.3111111111111111	0.0694741807781977
akka1240	0.30612244897959184	0.008140893919389557
akla1240	0.3695652173913043	0.7881403028846669
akoo1248	0.40816326530612246	1.2626853978495565
akun1241	0.3333333333333333	0.34268609496743374
alab1237	0.3333333333333333	0.34268609496743374
alab1254	0.37037037037037035	0.7980392852828276
alac1244	0.38636363636363635	0.9946690720099297
alag1248	0.32075471698113206	0.1880378416527717
aleu1260	0.4528301886792453	1.811844501456724
alor1247	0.11363636363636363	-2.3583862384943344
alse1251	0.43902439024390244	1.6421086136723386
aluk1238	0.28888888888888886	-0.20373773341103904
amah1246	0.2978723404255319	-0.09329036384517739
amam1246	0.29411764705882354	-0.13945257713121828
amap1240	0.2916666666666667	-0.16958624413738393
amar1272	0.23076923076923078	-0.918291970521349
amar1274	0.23404255319148937	-0.8780479897078773
amas1236	0.20833333333333334	-1.1941309223470205
ambo1250	0.27450980392156865	-0.3805219131805443
amdo1237	0.2708333333333333	-0.42572241368979347
amii1238	0.42	1.4082125603054556
amis1246	0.2391304347826087	-0.8154948456173722
amri1238	0.30952380952380953	0.04995904405039517
anci1242	0.3888888888888889	1.0257158804405249
anci1244	0.3148148148148148	0.11500949980973715
anei1239	0.2830188679245283	-0.27590691829121444
anga1288	0.35294117647058826	0.5837554310167604
anuf1239	0.18181818181818182	-1.5201224108682683
anut1237	0.34146341463414637	0.44264167332935006
anuu1241	0.24074074074074073	-0.795696880821051
aona1235	0.36538461538461536	0.7367417404326785
aoua1234	0.23529411764705882	-0.862660585279197
apat1240	0.4	1.1623218375351434
apin1244	0.3877551020408163	1.0117764970635228
apma1240	0.2037037037037037	-1.251050071136445
apur1254	0.34	0.4246496692242052
arak1252	0.22641509433962265	-0.9718240582071936
arao1248	0.5	2.3917754513867067
arap1274	0.3584905660377358	0.6519826015967579
araw1273	0.32558139534883723	0.24737961327351463
arbo1245	0.2692307692307692	-0.44542519596305563
arch1244	0.3902439024390244	1.0423751435008444
area1240	0.3333333333333333	0.34268609496743374
aree1239	0.17647058823529413	-1.5858685934271755
argo1244	0.3148148148148148	0.11500949980973715
arhu1242	0.46808510638297873	1.9993966384553568
arom1237	0.3469387755102041	0.5099586954914562
arop1242	0.3111111111111111	0.0694741807781977
arop1243	0.20930232558139536	-1.1822176121352803
arta1239	0.32	0.17875894645389226
ashe1272	0.48148148148148145	2.1640988562290095
assi1247	0.34615384615384615	0.5003083531535317
asur1254	0.22916666666666666	-0.9379947527946115
atak1252	0.23255813953488372	-0.8962981670535216
atam1240	0.28888888888888886	-0.20373773341103904
athp1241	0.3137254901960784	0.10161675891810774
aton1241	0.3333333333333333	0.34268609496743374
aulu1238	0.2558139534883721	-0.6103787219717625
auuu1241	0.1702127659574468	-1.6628056155705775
auye1238	0.3269230769230769	0.2638749658743851
avac1239	0.20833333333333334	-1.1941309223470205
awac1239	0.1702127659574468	-1.6628056155705775
awad1243	0.25	-0.6818585832422024
awad1244	0.32608695652173914	0.2535952533839874
awar1249	0.25	-0.6818585832422024
awet1244	0.34782608695652173	0.5208677781343272
axam1237	0.35185185185185186	0.5703626901251311
axiy1235	0.22727272727272727	-0.9612798591175578
ayac1239	0.45454545454545453	1.8329328996359957
ayiw1239	0.3488372093023256	0.5332990583552734
azha1235	0.16666666666666666	-1.7064032614518387
baba1264	0.29545454545454547	-0.12301603149149143
baba1266	0.3170731707317073	0.14277493824360257
baba1267	0.18867924528301888	-1.4357688181511798
babi1235	0.35294117647058826	0.5837554310167604
bafi1243	0.3137254901960784	0.10161675891810774
bafu1246	0.33962264150943394	0.4200102216247648
bagi1246	0.16666666666666666	-1.7064032614518387
bagv1239	0.43137254901960786	1.5480327752140652
baha1259	0.3	-0.06713177631642067
bahi1252	0.2916666666666667	-0.16958624413738393
baim1244	0.3018867924528302	-0.04393453831922137
baka1272	0.2608695652173913	-0.5482223208670325
baki1244	0.225	-0.9892219867050932
bala1311	0.24390243902439024	-0.7568252670136392
bala1315	0.3333333333333333	0.34268609496743374
bala1316	0.38461538461538464	0.9731751277118258
bali1278	0.4090909090909091	1.2740903478852854
balu1257	0.42592592592592593	1.4810690707559189
bamu1253	0.3333333333333333	0.34268609496743374
band1344	0.28	-0.3130224990867329
bang1354	0.3333333333333333	0.34268609496743374
bang1369	0.30952380952380953	0.04995904405039517
bant1281	0.4339622641509434	1.5798721214847309
bara1357	0.2608695652173913	-0.5482223208670325
barg1252	0.375	0.8549584340722521
bari1286	0.2653061224489796	-0.4936769076526771
baro1253	0.4	1.1623218375351434
bash1264	0.28	-0.3130224990867329
basq1248	0.2692307692307692	-0.44542519596305563
bata1289	0.19047619047619047	-1.4136762105347997
bats1242	0.37209302325581395	0.8192185034370322
baur1253	0.5217391304347826	2.6590479761370465
bawm1236	0.2391304347826087	-0.8154948456173722
bayb1234	0.3333333333333333	0.34268609496743374
bebe1248	0.3148148148148148	0.11500949980973715
beka1241	0.28	-0.3130224990867329
bekw1241	0.22727272727272727	-0.9612798591175578
bela1254	0.3584905660377358	0.6519826015967579
belh1239	0.3695652173913043	0.7881403028846669
bell1243	0.4716981132075472	2.043816881428717
bemb1257	0.49019607843137253	2.2712407833620434
bent1238	0.32	0.17875894645389226
berb1259	0.18	-1.542476112938297
beta1252	0.16	-1.7883668357086095
bezh1248	0.2653061224489796	-0.4936769076526771
bhoj1244	0.2	-1.296585390167984
bian1252	0.3023255813953488	-0.038539831808244863
biao1253	0.26	-0.5589132218570458
biao1254	0.2641509433962264	-0.5078792982632075
biao1256	0.24	-0.8048039446273588
bier1244	0.2777777777777778	-0.3403436905056567
bign1238	0.17307692307692307	-1.6275921323587899
biha1246	0.21568627450980393	-1.103729921328523
bili1260	0.30434782608695654	-0.013677271366352321
bimi1240	0.3404255319148936	0.4298813867299561
bina1277	0.21951219512195122	-1.0566920020993864
bini1246	0.16666666666666666	-1.7064032614518387
bira1253	0.3333333333333333	0.34268609496743374
bisl1239	0.2708333333333333	-0.42572241368979347
bisu1244	0.28846153846153844	-0.20899180868390896
bitt1240	0.3157894736842105	0.12699247850224718
biwa1243	0.3170731707317073	0.14277493824360257
blab1237	0.3333333333333333	0.34268609496743374
blan1242	0.1951219512195122	-1.3565587371851335
bodo1269	0.25	-0.6818585832422024
boht1238	0.37254901960784315	0.8248247670660864
boka1249	0.3235294117647059	0.2221514269427711
bola1250	0.2641509433962264	-0.5078792982632075
boly1239	0.3170731707317073	0.14277493824360257
bomk1234	0.32558139534883723	0.24737961327351463
bona1250	0.37777777777777777	0.8891099233459065
bond1245	0.2127659574468085	-1.139633864995444
bond1247	0.2978723404255319	-0.09329036384517739
bong1289	0.25	-0.6818585832422024
bora1263	0.5882352941176471	3.476587463608675
bord1248	0.3673469387755102	0.7608675962774899
bori1243	0.3488372093023256	0.5332990583552734
boro1277	0.2978723404255319	-0.09329036384517739
boro1282	0.21153846153846154	-1.1547253578004961
boto1242	0.19607843137254902	-1.3447992573778493
boun1243	0.21153846153846154	-1.1547253578004961
brah1256	0.29545454545454547	-0.12301603149149143
bret1244	0.4230769230769231	1.4460419022701192
brib1243	0.43137254901960786	1.5480327752140652
budu1248	0.30612244897959184	0.008140893919389557
budz1238	0.2826086956521739	-0.28094979611669274
buga1247	0.2549019607843137	-0.621591249229871
buga1250	0.2037037037037037	-1.251050071136445
bugi1244	0.27450980392156865	-0.3805219131805443
bugl1243	0.38095238095238093	0.9281401968015116
bujh1238	0.4117647058823529	1.3069634391647384
bull1247	0.3170731707317073	0.14277493824360257
bulo1242	0.22	-1.0506946673976714
bulu1251	0.35555555555555557	0.6158980091566705
bumt1240	0.2692307692307692	-0.44542519596305563
bund1253	0.24489795918367346	-0.7445858084387107
bura1292	0.16216216216216217	-1.7617840548685757
burj1242	0.36538461538461536	0.7367417404326785
buru1296	0.3829787234042553	0.9530531373050897
buru1320	0.2653061224489796	-0.4936769076526771
busa1253	0.25	-0.6818585832422024
bush1247	0.28	-0.3130224990867329
buwa1243	0.3018867924528302	-0.04393453831922137
bwai1242	0.325	0.24023162714647048
bwat1240	0.3269230769230769	0.2638749658743851
byan1241	0.3333333333333333	0.34268609496743374
caac1237	0.36585365853658536	0.7425084084150968
cacu1241	0.43478260869565216	1.5899578771356868
cahu1264	0.38461538461538464	0.9731751277118258
cakf1236	0.20833333333333334	-1.1941309223470205
cald1236	0.2826086956521739	-0.28094979611669274
caml1239	0.2765957446808511	-0.3548762391327438
camp1261	0.4117647058823529	1.3069634391647384
cane1242	0.2653061224489796	-0.4936769076526771
caom1238	0.23529411764705882	-0.862660585279197
capa1241	0.3469387755102041	0.5099586954914562
carn1240	0.30612244897959184	0.008140893919389557
caro1242	0.39473684210526316	1.0976137525955871
cash1251	0.37037037037037035	0.7980392852828276
cavi1250	0.4489795918367347	1.7645031994216231
cemu1238	0.37735849056603776	0.8839549815687516
cent1989	0.20833333333333334	-1.1941309223470205
cent1990	0.3877551020408163	1.0117764970635228
cent1992	0.19607843137254902	-1.3447992573778493
cent2004	0.23404255319148937	-0.8780479897078773
cent2050	0.17391304347826086	-1.6173124198683921
cent2084	0.24489795918367346	-0.7445858084387107
cent2087	0.4186046511627907	1.3910573936005506
cent2090	0.20833333333333334	-1.1941309223470205
cent2126	0.3181818181818182	0.1564052443838637
cent2127	0.4716981132075472	2.043816881428717
cent2131	0.24489795918367346	-0.7445858084387107
cent2140	0.32653061224489793	0.25904979470542255
cent2142	0.3137254901960784	0.10161675891810774
cent2150	0.30434782608695654	-0.013677271366352321
cent2292	0.32	0.17875894645389226
cent2314	0.2037037037037037	-1.251050071136445
cent2322	0.23529411764705882	-0.862660585279197
chac1251	0.37254901960784315	0.8248247670660864
chad1249	0.2553191489361702	-0.6164621144203108
chak1270	0.3269230769230769	0.2638749658743851
chak1271	0.24074074074074073	-0.795696880821051
chal1275	0.37037037037037035	0.7980392852828276
cham1309	0.32608695652173914	0.2535952533839874
cham1312	0.3076923076923077	0.027441578595238405
chan1313	0.25	-0.6818585832422024
char1269	0.21739130434782608	-1.0827673703677123
chas1234	0.15217391304347827	-1.8845849446187317
chec1245	0.38461538461538464	0.9731751277118258
chek1238	0.2857142857142857	-0.2427680068666441
chen1255	0.21153846153846154	-1.1547253578004961
chep1245	0.37254901960784315	0.8248247670660864
cher1273	0.4117647058823529	1.3069634391647384
chhi1245	0.3404255319148936	0.4298813867299561
chib1270	0.24390243902439024	-0.7568252670136392
chic1270	0.3409090909090909	0.4358265202592188
chil1280	0.33962264150943394	0.4200102216247648
chim1302	0.32	0.17875894645389226
chin1286	0.43478260869565216	1.5899578771356868
chip1241	0.2826086956521739	-0.28094979611669274
chip1261	0.3148148148148148	0.11500949980973715
chiq1248	0.4375	1.6233669427294795
chir1283	0.1568627450980392	-1.8269379294765018
chit1248	0.2127659574468085	-1.139633864995444
choc1276	0.4339622641509434	1.5798721214847309
chol1284	0.39215686274509803	1.0658941031154126
chon1284	0.20754716981132076	-1.2037964381791868
chot1239	0.19607843137254902	-1.3447992573778493
chra1242	0.1836734693877551	-1.4973125107968108
chug1252	0.3333333333333333	0.34268609496743374
chuj1250	0.3404255319148936	0.4298813867299561
chuk1273	0.3333333333333333	0.34268609496743374
chuv1255	0.2641509433962264	-0.5078792982632075
chuw1238	0.3673469387755102	0.7608675962774899
cici1237	0.375	0.8549584340722521
clas1249	0.3469387755102041	0.5099586954914562
clas1250	0.46	1.8999940058460814
coat1243	0.2727272727272727	-0.40243730736684724
coca1259	0.32075471698113206	0.1880378416527717
coeu1236	0.3877551020408163	1.0117764970635228
colu1241	0.36538461538461536	0.7367417404326785
coma1245	0.4583333333333333	1.8795031122818882
como1259	0.44680851063829785	1.7378107631677895
coos1249	0.3125	0.0865499254150249
copa1237	0.42857142857142855	1.5135942986355895
copt1239	0.22	-1.0506946673976714
cors1241	0.3958333333333333	1.111094603624661
cosa1234	0.16666666666666666	-1.7064032614518387
cowl1242	0.2916666666666667	-0.16958624413738393
cree1270	0.41509433962264153	1.3478997415127378
crim1257	0.32	0.17875894645389226
cros1244	0.22	-1.0506946673976714
crow1244	0.46296296296296297	1.9364222610713127
cube1242	0.5384615384615384	2.864642225945
culi1244	0.2692307692307692	-0.44542519596305563
cusc1236	0.425531914893617	1.476224887880223
czec1258	0.33962264150943394	0.4200102216247648
daai1236	0.3018867924528302	-0.04393453831922137
daas1238	0.2830188679245283	-0.27590691829121444
dadi1250	0.22	-1.0506946673976714
dagb1246	0.2708333333333333	-0.42572241368979347
dagi1241	0.3695652173913043	0.7881403028846669
daka1243	0.3148148148148148	0.11500949980973715
damp1237	0.24444444444444444	-0.7501615617895115
dana1252	0.19230769230769232	-1.3911587450796428
dand1238	0.2708333333333333	-0.42572241368979347
dani1285	0.34615384615384615	0.5003083531535317
dara1250	0.2857142857142857	-0.2427680068666441
darm1243	0.32653061224489793	0.25904979470542255
daur1238	0.28	-0.3130224990867329
dawr1236	0.28205128205128205	-0.28780293777695765
daza1242	0.2	-1.296585390167984
dege1246	0.3137254901960784	0.10161675891810774
dehu1237	0.18604651162790697	-1.4681370572170396
dera1248	0.3333333333333333	0.34268609496743374
desa1247	0.49056603773584906	2.27578926140071
dhao1237	0.3269230769230769	0.2638749658743851
dhim1246	0.36	0.6705403919945174
dhuw1249	0.20454545454545456	-1.240701134992913
dido1241	0.38461538461538464	0.9731751277118258
diga1241	0.3333333333333333	0.34268609496743374
digo1243	0.4716981132075472	2.043816881428717
dima1251	0.23076923076923078	-0.918291970521349
djam1255	0.2692307692307692	-0.44542519596305563
djee1236	0.39622641509433965	1.1159273615407448
djin1251	0.30952380952380953	0.04995904405039517
dobu1241	0.2916666666666667	-0.16958624413738393
domm1246	0.32	0.17875894645389226
dong1285	0.3111111111111111	0.0694741807781977
doro1266	0.24390243902439024	-0.7568252670136392
drun1238	0.4423076923076923	1.6824752895492658
dumb1241	0.32608695652173914	0.2535952533839874
dumi1241	0.2978723404255319	-0.09329036384517739
dupa1235	0.25	-0.6818585832422024
dura1244	0.24489795918367346	-0.7445858084387107
dusn1237	0.2549019607843137	-0.621591249229871
dutc1256	0.3584905660377358	0.6519826015967579
dyan1250	0.23529411764705882	-0.862660585279197
dyul1238	0.2727272727272727	-0.40243730736684724
dzao1238	0.24528301886792453	-0.7398516782352006
dzon1239	0.38461538461538464	0.9731751277118258
east2328	0.22641509433962265	-0.9718240582071936
east2330	0.24528301886792453	-0.7398516782352006
east2342	0.2222222222222222	-1.0233734759787478
east2443	0.32	0.17875894645389226
east2447	0.24528301886792453	-0.7398516782352006
east2485	0.11904761904761904	-2.2918573632859167
east2516	0.4230769230769231	1.4460419022701192
east2545	0.36	0.6705403919945174
east2555	0.32653061224489793	0.25904979470542255
east2556	0.391304347826087	1.0554128276350072
east2690	0.2826086956521739	-0.28094979611669274
east2773	0.3584905660377358	0.6519826015967579
east2782	0.3125	0.0865499254150249
egyp1253	0.2708333333333333	-0.42572241368979347
eipo1242	0.23076923076923078	-0.918291970521349
ekar1243	0.5476190476190477	2.977229553220785
elmo1238	0.21739130434782608	-1.0827673703677123
elna1235	0.43478260869565216	1.5899578771356868
emae1237	0.2222222222222222	-1.0233734759787478
emai1241	0.22641509433962265	-0.9718240582071936
embe1260	0.3137254901960784	0.10161675891810774
embe1262	0.28	-0.3130224990867329
enuu1235	0.2037037037037037	-1.251050071136445
epen1239	0.3541666666666667	0.5988222645198433
ersu1241	0.2777777777777778	-0.3403436905056567
erzy1239	0.17647058823529413	-1.5858685934271755
esee1248	0.37735849056603776	0.8839549815687516
esim1238	0.2978723404255319	-0.09329036384517739
esto1258	0.24074074074074073	-0.795696880821051
eude1234	0.3333333333333333	0.34268609496743374
even1259	0.3584905660377358	0.6519826015967579
even1260	0.3125	0.0865499254150249
ewee1241	0.27450980392156865	-0.3805219131805443
eyak1241	0.3076923076923077	0.027441578595238405
fare1241	0.40425531914893614	1.214639012592656
faro1244	0.22641509433962265	-0.9718240582071936
fiji1243	0.4117647058823529	1.3069634391647384
fili1244	0.35185185185185186	0.5703626901251311
fina1242	0.3111111111111111	0.0694741807781977
finn1318	0.25925925925925924	-0.568020285663354
fonn1241	0.2222222222222222	-1.0233734759787478
fore1265	0.2641509433962264	-0.5078792982632075
fran1266	0.3333333333333333	0.34268609496743374
fuln1247	0.38	0.9164311147648304
furr1244	0.2037037037037037	-1.251050071136445
futu1245	0.3148148148148148	0.11500949980973715
fuyu1242	0.23529411764705882	-0.862660585279197
gade1242	0.19148936170212766	-1.4012197402830109
gaga1249	0.25	-0.6818585832422024
gaga1251	0.2641509433962264	-0.5078792982632075
gahr1239	0.37037037037037035	0.7980392852828276
gali1258	0.4528301886792453	1.811844501456724
gali1262	0.36	0.6705403919945174
galo1242	0.36	0.6705403919945174
gami1243	0.2857142857142857	-0.2427680068666441
gamo1243	0.29411764705882354	-0.13945257713121828
gand1255	0.45454545454545453	1.8329328996359957
gang1266	0.22641509433962265	-0.9718240582071936
gant1244	0.29545454545454547	-0.12301603149149143
gapa1238	0.2926829268292683	-0.15709179684214492
garo1247	0.2619047619047619	-0.5354950577836827
gata1239	0.28	-0.3130224990867329
gayo1244	0.2777777777777778	-0.3403436905056567
geba1237	0.24528301886792453	-0.7398516782352006
geda1237	0.3902439024390244	1.0423751435008444
gela1263	0.24	-0.8048039446273588
ghad1239	0.2857142857142857	-0.2427680068666441
ghan1242	0.32	0.17875894645389226
ghar1239	0.27906976744186046	-0.32445927689000365
gheg1238	0.29411764705882354	-0.13945257713121828
ghod1238	0.425531914893617	1.476224887880223
ghom1257	0.21568627450980393	-1.103729921328523
gilb1244	0.24489795918367346	-0.7445858084387107
gily1242	0.37254901960784315	0.8248247670660864
gira1247	0.20408163265306123	-1.2464036100107774
glav1244	0.24390243902439024	-0.7568252670136392
gofa1235	0.32653061224489793	0.25904979470542255
gogo1265	0.16	-1.7883668357086095
gola1255	0.3076923076923077	0.027441578595238405
gros1243	0.3333333333333333	0.34268609496743374
guah1255	0.39215686274509803	1.0658941031154126
guan1266	0.46296296296296297	1.9364222610713127
guan1269	0.45652173913043476	1.8572304018860264
gube1234	0.4230769230769231	1.4460419022701192
gude1246	0.29545454545454547	-0.12301603149149143
guer1243	0.39215686274509803	1.0658941031154126
gugu1253	0.17073170731707318	-1.6564254722708807
guhu1244	0.28888888888888886	-0.20373773341103904
guiq1238	0.3137254901960784	0.10161675891810774
gulf1241	0.2916666666666667	-0.16958624413738393
guma1254	0.36	0.6705403919945174
gumu1244	0.4166666666666667	1.3672307731770705
gunw1252	0.38461538461538464	0.9731751277118258
guny1241	0.27450980392156865	-0.3805219131805443
guru1261	0.24	-0.8048039446273588
guru1271	0.27450980392156865	-0.3805219131805443
gusi1247	0.38461538461538464	0.9731751277118258
gyel1242	0.27450980392156865	-0.3805219131805443
haaa1252	0.4	1.1623218375351434
hadi1240	0.45098039215686275	1.7891021112633911
hadz1240	0.39622641509433965	1.1159273615407448
hait1244	0.20754716981132076	-1.2037964381791868
haka1240	0.39215686274509803	1.0658941031154126
halh1238	0.25	-0.6818585832422024
hali1244	0.32608695652173914	0.2535952533839874
halk1245	0.39622641509433965	1.1159273615407448
hame1242	0.43478260869565216	1.5899578771356868
hang1263	0.3191489361702128	0.16829551144238972
hani1248	0.22641509433962265	-0.9718240582071936
hano1246	0.3673469387755102	0.7608675962774899
haru1245	0.19148936170212766	-1.4012197402830109
hava1248	0.4897959183673469	2.2663210009936896
hawa1245	0.3269230769230769	0.2638749658743851
hebr1245	0.27450980392156865	-0.3805219131805443
hela1238	0.2692307692307692	-0.44542519596305563
here1253	0.34615384615384615	0.5003083531535317
hida1246	0.45098039215686275	1.7891021112633911
high1276	0.39215686274509803	1.0658941031154126
hind1269	0.34615384615384615	0.5003083531535317
hixk1239	0.5208333333333334	2.6479116209391163
hoaa1235	0.25925925925925924	-0.568020285663354
hoav1238	0.36	0.6705403919945174
hone1235	0.22	-1.0506946673976714
honi1244	0.1875	-1.4502670918994296
hooo1248	0.3404255319148936	0.4298813867299561
hopi1249	0.375	0.8549584340722521
horp1239	0.37254901960784315	0.8248247670660864
hote1245	0.16326530612244897	-1.7482214115828443
huaa1248	0.2826086956521739	-0.28094979611669274
hual1241	0.36538461538461536	0.7367417404326785
huam1247	0.33962264150943394	0.4200102216247648
huar1255	0.37254901960784315	0.8248247670660864
huas1242	0.3695652173913043	0.7881403028846669
huba1236	0.20833333333333334	-1.1941309223470205
huic1243	0.42	1.4082125603054556
hula1239	0.3	-0.06713177631642067
hula1244	0.24489795918367346	-0.7445858084387107
humb1243	0.2	-1.296585390167984
hung1274	0.3888888888888889	1.0257158804405249
hunz1247	0.3409090909090909	0.4358265202592188
hupd1244	0.5192307692307693	2.628208838665854
huuu1240	0.16326530612244897	-1.7482214115828443
iaai1238	0.40816326530612246	1.2626853978495565
iatm1242	0.3584905660377358	0.6519826015967579
ibal1244	0.3269230769230769	0.2638749658743851
iban1264	0.21153846153846154	-1.1547253578004961
iban1267	0.2549019607843137	-0.621591249229871
ibat1238	0.35294117647058826	0.5837554310167604
icel1247	0.2641509433962264	-0.5078792982632075
idii1243	0.28846153846153844	-0.20899180868390896
idum1241	0.22727272727272727	-0.9612798591175578
idun1242	0.3	-0.06713177631642067
ikkk1242	0.3137254901960784	0.10161675891810774
iliu1237	0.2553191489361702	-0.6164621144203108
imba1240	0.34615384615384615	0.5003083531535317
indo1316	0.28	-0.3130224990867329
ines1240	0.3018867924528302	-0.04393453831922137
ingr1248	0.2037037037037037	-1.251050071136445
ingu1240	0.43137254901960786	1.5480327752140652
irar1238	0.25	-0.6818585832422024
iris1253	0.25	-0.6818585832422024
iron1242	0.38	0.9164311147648304
irul1243	0.2692307692307692	-0.44542519596305563
isco1239	0.35185185185185186	0.5703626901251311
isin1239	0.2972972972972973	-0.1003602523664626
isir1237	0.2727272727272727	-0.40243730736684724
isna1241	0.2	-1.296585390167984
isth1240	0.20833333333333334	-1.1941309223470205
ital1282	0.3888888888888889	1.0257158804405249
iton1250	0.3125	0.0865499254150249
itza1241	0.36	0.6705403919945174
iumi1238	0.25	-0.6818585832422024
ivat1242	0.34	0.4246496692242052
iyoo1238	0.25	-0.6818585832422024
jalk1242	0.27450980392156865	-0.3805219131805443
jama1261	0.35294117647058826	0.5837554310167604
jama1262	0.19148936170212766	-1.4012197402830109
jamb1236	0.3191489361702128	0.16829551144238972
jams1239	0.39215686274509803	1.0658941031154126
japh1234	0.49019607843137253	2.2712407833620434
jaqa1244	0.35714285714285715	0.6354131458844731
jara1266	0.2608695652173913	-0.5482223208670325
jeha1242	0.21739130434782608	-1.0827673703677123
jenn1240	0.22916666666666666	-0.9379947527946115
jina1244	0.2608695652173913	-0.5482223208670325
juan1238	0.34782608695652173	0.5208677781343272
juku1254	0.09803921568627451	-2.5501459376244804
jurm1239	0.23404255319148937	-0.8780479897078773
kaba1278	0.35294117647058826	0.5837554310167604
kaba1281	0.2	-1.296585390167984
kach1280	0.34	0.4246496692242052
kach1284	0.3018867924528302	-0.04393453831922137
kada1242	0.20833333333333334	-1.1941309223470205
kado1242	0.2692307692307692	-0.44542519596305563
kafa1242	0.2564102564102564	-0.6030474541491536
kaga1256	0.32558139534883723	0.24737961327351463
kagu1239	0.3148148148148148	0.11500949980973715
kaik1246	0.3148148148148148	0.11500949980973715
kala1384	0.3125	0.0865499254150249
kala1388	0.38636363636363635	0.9946690720099297
kala1399	0.40384615384615385	1.2096085149909725
kali1308	0.2708333333333333	-0.42572241368979347
kalk1246	0.3333333333333333	0.34268609496743374
kalm1243	0.2391304347826087	-0.8154948456173722
kama1351	0.28846153846153844	-0.20899180868390896
kamb1297	0.3673469387755102	0.7608675962774899
kamb1299	0.2857142857142857	-0.2427680068666441
kamm1249	0.24528301886792453	-0.7398516782352006
kamu1260	0.21568627450980393	-1.103729921328523
kana1286	0.2564102564102564	-0.6030474541491536
kana1291	0.28888888888888886	-0.20373773341103904
kani1286	0.3	-0.06713177631642067
kank1243	0.39215686274509803	1.0658941031154126
kaqc1270	0.32608695652173914	0.2535952533839874
kara1482	0.17391304347826086	-1.6173124198683921
kara1486	0.4090909090909091	1.2740903478852854
kara1487	0.3469387755102041	0.5099586954914562
kara1500	0.3333333333333333	0.34268609496743374
karb1241	0.34782608695652173	0.5208677781343272
kare1335	0.18518518518518517	-1.4787266662941418
kare1338	0.19148936170212766	-1.4012197402830109
kari1254	0.2222222222222222	-1.0233734759787478
kari1311	0.2222222222222222	-1.0233734759787478
karo1304	0.29411764705882354	-0.13945257713121828
kash1277	0.29411764705882354	-0.13945257713121828
katb1237	0.30612244897959184	0.008140893919389557
kats1235	0.2222222222222222	-1.0233734759787478
kava1241	0.2222222222222222	-1.0233734759787478
kaya1315	0.25925925925925924	-0.568020285663354
keap1239	0.3333333333333333	0.34268609496743374
keda1252	0.17391304347826086	-1.6173124198683921
keig1242	0.21951219512195122	-1.0566920020993864
kele1258	0.21052631578947367	-1.1671692202888724
kele1259	0.37254901960784315	0.8248247670660864
kemb1249	0.24074074074074073	-0.795696880821051
kens1248	0.10869565217391304	-2.419129994119412
kenu1236	0.2830188679245283	-0.27590691829121444
keoo1238	0.20754716981132076	-1.2037964381791868
kera1255	0.3404255319148936	0.4298813867299561
kesa1244	0.29411764705882354	-0.13945257713121828
kett1243	0.37037037037037035	0.7980392852828276
kgal1244	0.2553191489361702	-0.6164621144203108
khak1248	0.3333333333333333	0.34268609496743374
khal1275	0.32608695652173914	0.2535952533839874
kham1282	0.375	0.8549584340722521
khan1274	0.4090909090909091	1.2740903478852854
khan1277	0.2549019607843137	-0.621591249229871
khan1278	0.42	1.4082125603054556
khar1287	0.37254901960784315	0.8248247670660864
khar1288	0.2127659574468085	-1.139633864995444
khas1269	0.29411764705882354	-0.13945257713121828
khez1235	0.2222222222222222	-1.0233734759787478
khin1240	0.3404255319148936	0.4298813867299561
khmu1256	0.2857142857142857	-0.2427680068666441
khva1239	0.32653061224489793	0.25904979470542255
kich1262	0.3333333333333333	0.34268609496743374
kiku1240	0.3409090909090909	0.4358265202592188
kile1243	0.23076923076923078	-0.918291970521349
kili1267	0.32	0.17875894645389226
kimm1245	0.22641509433962265	-0.9718240582071936
kinn1249	0.3148148148148148	0.11500949980973715
kiow1266	0.35294117647058826	0.5837554310167604
kips1239	0.2857142857142857	-0.2427680068666441
klam1254	0.35	0.547595030609361
koda1255	0.1836734693877551	-1.4973125107968108
koho1244	0.34	0.4246496692242052
koir1240	0.1951219512195122	-1.3565587371851335
koit1244	0.25	-0.6818585832422024
koko1269	0.2777777777777778	-0.3403436905056567
kola1285	0.30952380952380953	0.04995904405039517
kolb1240	0.32	0.17875894645389226
kolc1235	0.34782608695652173	0.5208677781343272
kolu1245	0.1875	-1.4502670918994296
komb1274	0.19230769230769232	-1.3911587450796428
komc1235	0.36363636363636365	0.7152477961345746
komi1268	0.28846153846153844	-0.20899180868390896
komi1269	0.37254901960784315	0.8248247670660864
komi1270	0.1702127659574468	-1.6628056155705775
kona1242	0.2830188679245283	-0.27590691829121444
konk1267	0.22448979591836735	-0.995494709224744
kony1248	0.24489795918367346	-0.7445858084387107
koon1244	0.4117647058823529	1.3069634391647384
koor1239	0.3584905660377358	0.6519826015967579
kore1280	0.39622641509433965	1.1159273615407448
koro1298	0.32075471698113206	0.1880378416527717
kosa1249	0.28	-0.3130224990867329
kosr1238	0.4074074074074074	1.2533924755982215
kota1263	0.20408163265306123	-1.2464036100107774
koti1238	0.28846153846153844	-0.20899180868390896
kove1237	0.3191489361702128	0.16829551144238972
koyr1240	0.22	-1.0506946673976714
koyr1242	0.32653061224489793	0.25904979470542255
koys1242	0.3409090909090909	0.4358265202592188
kryt1240	0.36	0.6705403919945174
kuan1247	0.3584905660377358	0.6519826015967579
kuan1248	0.2765957446808511	-0.3548762391327438
kuik1246	0.4339622641509434	1.5798721214847309
kuku1273	0.22	-1.0506946673976714
kuku1280	0.22	-1.0506946673976714
kulu1253	0.2916666666666667	-0.16958624413738393
kuma1276	0.35185185185185186	0.5703626901251311
kuma1280	0.2	-1.296585390167984
kumb1268	0.28846153846153844	-0.20899180868390896
kumz1235	0.19230769230769232	-1.3911587450796428
kuna1268	0.17647058823529413	-1.5858685934271755
kunb1251	0.4423076923076923	1.6824752895492658
kuni1267	0.3958333333333333	1.111094603624661
kunj1245	0.3125	0.0865499254150249
kuot1243	0.3695652173913043	0.7881403028846669
kupa1239	0.17391304347826086	-1.6173124198683921
kurr1243	0.3673469387755102	0.7608675962774899
kusa1251	0.36	0.6705403919945174
kusu1250	0.1702127659574468	-1.6628056155705775
kute1248	0.12244897959183673	-2.250039213154911
kuyy1240	0.24	-0.8048039446273588
kwai1243	0.3076923076923077	0.027441578595238405
kwam1249	0.1702127659574468	-1.6628056155705775
kwam1252	0.3269230769230769	0.2638749658743851
kwar1239	0.34615384615384615	0.5003083531535317
kwaz1243	0.5111111111111111	2.5283814084813243
kweg1241	0.13636363636363635	-2.0789649626189792
kwin1241	0.27906976744186046	-0.32445927689000365
kwom1262	0.16666666666666666	-1.7064032614518387
kxoe1243	0.5185185185185185	2.6194520465444033
kyer1238	0.42	1.4082125603054556
laal1242	0.40540540540540543	1.2287787896352278
labu1248	0.225	-0.9892219867050932
lach1248	0.24	-0.8048039446273588
lagw1237	0.2978723404255319	-0.09329036384517739
lahu1252	0.2	-1.296585390167984
lahu1253	0.2692307692307692	-0.44542519596305563
lakk1252	0.2978723404255319	-0.09329036384517739
lala1264	0.34782608695652173	0.5208677781343272
lala1268	0.2	-1.296585390167984
lama1277	0.2978723404255319	-0.09329036384517739
lamb1269	0.30952380952380953	0.04995904405039517
lamk1238	0.22641509433962265	-0.9718240582071936
lang1320	0.40384615384615385	1.2096085149909725
lara1260	0.19148936170212766	-1.4012197402830109
lash1243	0.25	-0.6818585832422024
lati1261	0.3888888888888889	1.0257158804405249
latv1249	0.3269230769230769	0.2638749658743851
lave1248	0.22	-1.0506946673976714
lavu1241	0.4444444444444444	1.7087456659136155
lazz1240	0.28846153846153844	-0.20899180868390896
leco1242	0.2978723404255319	-0.09329036384517739
lega1249	0.42857142857142855	1.5135942986355895
lele1267	0.20930232558139536	-1.1822176121352803
lele1270	0.28888888888888886	-0.20373773341103904
lele1276	0.325	0.24023162714647048
lemb1266	0.3541666666666667	0.5988222645198433
leme1238	0.26	-0.5589132218570458
lena1238	0.3148148148148148	0.11500949980973715
lend1245	0.2653061224489796	-0.4936769076526771
leng1259	0.2708333333333333	-0.42572241368979347
lepc1244	0.4	1.1623218375351434
lese1243	0.2826086956521739	-0.28094979611669274
leti1246	0.30612244897959184	0.008140893919389557
lewo1242	0.24	-0.8048039446273588
lewo1244	0.14814814814814814	-1.9340798566095356
lezg1247	0.3333333333333333	0.34268609496743374
liby1240	0.3	-0.06713177631642067
liji1238	0.13725490196078433	-2.0680072655258277
lika1243	0.32	0.17875894645389226
lill1248	0.36538461538461536	0.7367417404326785
ling1265	0.3055555555555556	0.00117120223088885
lipo1242	0.2777777777777778	-0.3403436905056567
lish1245	0.3958333333333333	1.111094603624661
lisu1250	0.3148148148148148	0.11500949980973715
lith1251	0.4074074074074074	1.2533924755982215
litz1237	0.21568627450980393	-1.103729921328523
livv1243	0.2037037037037037	-1.251050071136445
livv1244	0.2222222222222222	-1.0233734759787478
logo1259	0.2765957446808511	-0.3548762391327438
loka1252	0.2391304347826087	-0.8154948456173722
lolo1259	0.25	-0.6818585832422024
lomb1257	0.39622641509433965	1.1159273615407448
long1395	0.35555555555555557	0.6158980091566705
loni1238	0.3673469387755102	0.7608675962774899
lote1237	0.1956521739130435	-1.3500398951180521
loth1237	0.18181818181818182	-1.5201224108682683
louu1245	0.32608695652173914	0.2535952533839874
lowe1427	0.36363636363636365	0.7152477961345746
lowl1260	0.23076923076923078	-0.918291970521349
lowl1265	0.3541666666666667	0.5988222645198433
luan1263	0.3111111111111111	0.0694741807781977
ludi1246	0.18518518518518517	-1.4787266662941418
lugb1240	0.32653061224489793	0.25904979470542255
lugu1238	0.4166666666666667	1.3672307731770705
luis1253	0.32075471698113206	0.1880378416527717
lule1254	0.25925925925925924	-0.568020285663354
lumu1239	0.34615384615384615	0.5003083531535317
lund1266	0.3877551020408163	1.0117764970635228
luok1236	0.30612244897959184	0.008140893919389557
lush1249	0.24	-0.8048039446273588
lush1252	0.3137254901960784	0.10161675891810774
luva1239	0.43478260869565216	1.5899578771356868
luya1241	0.30612244897959184	0.008140893919389557
maan1238	0.3333333333333333	0.34268609496743374
maba1277	0.4117647058823529	1.3069634391647384
mace1250	0.4444444444444444	1.7087456659136155
maco1239	0.3673469387755102	0.7608675962774899
macu1260	0.4528301886792453	1.811844501456724
mada1285	0.3469387755102041	0.5099586954914562
madi1260	0.2830188679245283	-0.27590691829121444
madn1237	0.13043478260869565	-2.1518574693690717
maee1241	0.2222222222222222	-1.0233734759787478
magd1235	0.425531914893617	1.476224887880223
maib1239	0.2222222222222222	-1.0233734759787478
mail1248	0.20754716981132076	-1.2037964381791868
mais1250	0.22448979591836735	-0.995494709224744
mait1250	0.20408163265306123	-1.2464036100107774
maja1242	0.24444444444444444	-0.7501615617895115
maka1304	0.3333333333333333	0.34268609496743374
makc1235	0.1956521739130435	-1.3500398951180521
makh1264	0.3695652173913043	0.7881403028846669
makh1266	0.42857142857142855	1.5135942986355895
mako1251	0.34615384615384615	0.5003083531535317
mala1463	0.19148936170212766	-1.4012197402830109
mala1464	0.37735849056603776	0.8839549815687516
mala1479	0.25	-0.6818585832422024
mala1481	0.17777777777777778	-1.5697973043572204
mala1522	0.3695652173913043	0.7881403028846669
male1284	0.33962264150943394	0.4200102216247648
male1289	0.2926829268292683	-0.15709179684214492
male1297	0.33962264150943394	0.4200102216247648
malg1251	0.27906976744186046	-0.32445927689000365
mali1285	0.37209302325581395	0.8192185034370322
malo1243	0.3018867924528302	-0.04393453831922137
malt1254	0.3584905660377358	0.6519826015967579
malu1245	0.1836734693877551	-1.4973125107968108
mama1275	0.32558139534883723	0.24737961327351463
mamb1294	0.3488372093023256	0.5332990583552734
mamb1306	0.24489795918367346	-0.7445858084387107
mamm1241	0.3673469387755102	0.7608675962774899
mana1288	0.21153846153846154	-1.1547253578004961
mana1295	0.3541666666666667	0.5988222645198433
mana1298	0.3888888888888889	1.0257158804405249
mand1415	0.2962962962962963	-0.11266709534796014
mand1440	0.3191489361702128	0.16829551144238972
mang1378	0.325	0.24023162714647048
mang1381	0.3333333333333333	0.34268609496743374
mang1394	0.30952380952380953	0.04995904405039517
mang1401	0.30952380952380953	0.04995904405039517
mang1403	0.34782608695652173	0.5208677781343272
mang1405	0.16	-1.7883668357086095
manm1238	0.2894736842105263	-0.19654794619553234
maor1246	0.3333333333333333	0.34268609496743374
mapo1242	0.16326530612244897	-1.7482214115828443
mapu1245	0.46153846153846156	1.9189086768284132
mara1378	0.27450980392156865	-0.3805219131805443
mara1379	0.2553191489361702	-0.6164621144203108
mara1382	0.38636363636363635	0.9946690720099297
mara1386	0.2549019607843137	-0.621591249229871
mara1399	0.15384615384615385	-1.8640255196379365
marg1265	0.32653061224489793	0.25904979470542255
mari1416	0.24489795918367346	-0.7445858084387107
mari1424	0.24489795918367346	-0.7445858084387107
mari1426	0.2857142857142857	-0.2427680068666441
mari1428	0.20930232558139536	-1.1822176121352803
mari1440	0.3076923076923077	0.027441578595238405
mars1254	0.42857142857142855	1.5135942986355895
mart1255	0.3018867924528302	-0.04393453831922137
maru1249	0.28846153846153844	-0.20899180868390896
masa1322	0.3333333333333333	0.34268609496743374
masb1238	0.32	0.17875894645389226
mask1242	0.3829787234042553	0.9530531373050897
matb1237	0.2558139534883721	-0.6103787219717625
mati1250	0.14285714285714285	-1.9991303123688777
mato1252	0.22	-1.0506946673976714
mats1244	0.3584905660377358	0.6519826015967579
matu1261	0.2962962962962963	-0.11266709534796014
maun1240	0.2962962962962963	-0.11266709534796014
maxa1247	0.16	-1.7883668357086095
maya1285	0.35555555555555557	0.6158980091566705
mayk1239	0.16666666666666666	-1.7064032614518387
mayo1261	0.24489795918367346	-0.7445858084387107
mayo1264	0.3111111111111111	0.0694741807781977
maza1304	0.28	-0.3130224990867329
mban1263	0.2708333333333333	-0.42572241368979347
mbar1260	0.30952380952380953	0.04995904405039517
mbay1241	0.22	-1.0506946673976714
mboc1235	0.3404255319148936	0.4298813867299561
mbul1263	0.4117647058823529	1.3069634391647384
mbya1239	0.29545454545454547	-0.12301603149149143
meen1242	0.21739130434782608	-1.0827673703677123
mehe1243	0.3488372093023256	0.5332990583552734
meke1243	0.2777777777777778	-0.3403436905056567
melo1242	0.2826086956521739	-0.28094979611669274
melp1238	0.2127659574468085	-1.139633864995444
mere1242	0.4230769230769231	1.4460419022701192
meru1245	0.35294117647058826	0.5837554310167604
meta1238	0.2553191489361702	-0.6164621144203108
mezo1235	0.3673469387755102	0.7608675962774899
mezq1235	0.46938775510204084	2.015412100207657
mich1245	0.2	-1.296585390167984
miju1243	0.2692307692307692	-0.44542519596305563
mika1239	0.3333333333333333	0.34268609496743374
mikm1235	0.3269230769230769	0.2638749658743851
mila1245	0.42592592592592593	1.4810690707559189
mina1268	0.2	-1.296585390167984
mina1276	0.23529411764705882	-0.862660585279197
minh1238	0.26	-0.5589132218570458
mini1251	0.2653061224489796	-0.4936769076526771
mini1256	0.4634146341463415	1.9419753487580862
minn1241	0.23076923076923078	-0.918291970521349
misk1235	0.3541666666666667	0.5988222645198433
mixt1426	0.35555555555555557	0.6158980091566705
miya1259	0.28846153846153844	-0.20899180868390896
miya1266	0.23529411764705882	-0.862660585279197
mlab1235	0.10416666666666667	-2.4748117701090657
moba1244	0.34615384615384615	0.5003083531535317
moch1257	0.3469387755102041	0.5099586954914562
moco1246	0.28	-0.3130224990867329
mode1248	0.4074074074074074	1.2533924755982215
moke1242	0.2926829268292683	-0.15709179684214492
moki1238	0.3902439024390244	1.0423751435008444
mokl1243	0.22916666666666666	-0.9379947527946115
mokp1239	0.25	-0.6818585832422024
moks1248	0.2222222222222222	-1.0233734759787478
mola1238	0.3829787234042553	0.9530531373050897
mono1270	0.2558139534883721	-0.6103787219717625
mono1275	0.4318181818181818	1.5535116237606406
mopa1243	0.30612244897959184	0.008140893919389557
morm1235	0.21052631578947367	-1.1671692202888724
mose1249	0.34	0.4246496692242052
mosi1247	0.3125	0.0865499254150249
motl1237	0.3148148148148148	0.11500949980973715
motu1246	0.2826086956521739	-0.28094979611669274
moun1252	0.24489795918367346	-0.7445858084387107
movi1243	0.5581395348837209	3.106574064091104
moyo1238	0.2708333333333333	-0.42572241368979347
mpad1242	0.24528301886792453	-0.7398516782352006
mpii1239	0.21568627450980393	-1.103729921328523
mpot1240	0.35294117647058826	0.5837554310167604
mpur1239	0.16981132075471697	-1.6677411981231733
mual1241	0.3148148148148148	0.11500949980973715
mudu1239	0.2	-1.296585390167984
mudu1242	0.27450980392156865	-0.3805219131805443
mull1237	0.35555555555555557	0.6158980091566705
munc1235	0.3333333333333333	0.34268609496743374
mund1320	0.4222222222222222	1.4355337517243794
mund1325	0.32075471698113206	0.1880378416527717
mund1328	0.24489795918367346	-0.7445858084387107
mund1330	0.5217391304347826	2.6590479761370465
murl1244	0.25	-0.6818585832422024
muru1266	0.3333333333333333	0.34268609496743374
muru1274	0.3148148148148148	0.11500949980973715
musa1266	0.21739130434782608	-1.0827673703677123
muso1238	0.28888888888888886	-0.20373773341103904
mwag1236	0.24074074074074073	-0.795696880821051
mwan1247	0.36538461538461536	0.7367417404326785
mwer1248	0.3617021276595745	0.6914672620175232
naka1262	0.23255813953488372	-0.8962981670535216
nali1244	0.2978723404255319	-0.09329036384517739
namb1293	0.25	-0.6818585832422024
namu1246	0.32653061224489793	0.25904979470542255
nana1257	0.24074074074074073	-0.795696880821051
nand1266	0.2727272727272727	-0.40243730736684724
nang1262	0.3409090909090909	0.4358265202592188
naue1237	0.28846153846153844	-0.20899180868390896
naur1243	0.4418604651162791	1.6769768386823094
nava1243	0.42592592592592593	1.4810690707559189
nawu1242	0.21153846153846154	-1.1547253578004961
ndam1239	0.36538461538461536	0.7367417404326785
ndog1248	0.2549019607843137	-0.621591249229871
negi1245	0.3333333333333333	0.34268609496743374
nend1239	0.3333333333333333	0.34268609496743374
nene1249	0.3888888888888889	1.0257158804405249
neng1238	0.3333333333333333	0.34268609496743374
nenn1238	0.3148148148148148	0.11500949980973715
nepa1254	0.3541666666666667	0.5988222645198433
nese1235	0.2641509433962264	-0.5078792982632075
newa1246	0.4117647058823529	1.3069634391647384
nezp1238	0.32	0.17875894645389226
ngaa1240	0.3023255813953488	-0.038539831808244863
ngab1239	0.48	2.1458847286163936
ngal1292	0.25925925925925924	-0.568020285663354
ngam1268	0.13636363636363635	-2.0789649626189792
ngan1291	0.2962962962962963	-0.11266709534796014
ngar1235	0.26	-0.5589132218570458
ngar1283	0.3829787234042553	0.9530531373050897
ngar1284	0.4117647058823529	1.3069634391647384
ngas1240	0.19148936170212766	-1.4012197402830109
ngba1284	0.20930232558139536	-1.1822176121352803
ngba1285	0.34782608695652173	0.5208677781343272
ngit1239	0.3018867924528302	-0.04393453831922137
nhan1238	0.23404255319148937	-0.8780479897078773
nhen1239	0.2857142857142857	-0.2427680068666441
nica1252	0.23255813953488372	-0.8962981670535216
niha1238	0.21568627450980393	-1.103729921328523
nila1242	0.3541666666666667	0.5988222645198433
nisg1240	0.28888888888888886	-0.20373773341103904
niua1240	0.32	0.17875894645389226
niva1238	0.5471698113207547	2.9717064013166894
njan1240	0.20754716981132076	-1.2037964381791868
noct1238	0.3333333333333333	0.34268609496743374
noku1237	0.3111111111111111	0.0694741807781977
noon1242	0.54	2.8835568969273324
noon1243	0.2857142857142857	-0.2427680068666441
nopa1235	0.21568627450980393	-1.103729921328523
nort2671	0.2549019607843137	-0.621591249229871
nort2684	0.25	-0.6818585832422024
nort2690	0.3333333333333333	0.34268609496743374
nort2697	0.2777777777777778	-0.3403436905056567
nort2702	0.27450980392156865	-0.3805219131805443
nort2722	0.3584905660377358	0.6519826015967579
nort2723	0.2653061224489796	-0.4936769076526771
nort2732	0.2830188679245283	-0.27590691829121444
nort2745	0.3584905660377358	0.6519826015967579
nort2747	0.25925925925925924	-0.568020285663354
nort2774	0.24444444444444444	-0.7501615617895115
nort2828	0.20454545454545456	-1.240701134992913
nort2839	0.3181818181818182	0.1564052443838637
nort2845	0.3191489361702128	0.16829551144238972
nort2877	0.32608695652173914	0.2535952533839874
nort2885	0.35294117647058826	0.5837554310167604
nort2930	0.3404255319148936	0.4298813867299561
nort2938	0.39215686274509803	1.0658941031154126
nort2942	0.49056603773584906	2.27578926140071
nort2952	0.3125	0.0865499254150249
nort2954	0.3541666666666667	0.5988222645198433
nort2957	0.3617021276595745	0.6914672620175232
nort2959	0.32075471698113206	0.1880378416527717
nort2961	0.3148148148148148	0.11500949980973715
nort2972	0.23529411764705882	-0.862660585279197
nort2980	0.30612244897959184	0.008140893919389557
nort3047	0.22448979591836735	-0.995494709224744
nort3139	0.32	0.17875894645389226
nots1237	0.34146341463414637	0.44264167332935006
nsen1242	0.375	0.8549584340722521
nubi1253	0.21153846153846154	-1.1547253578004961
nucl1235	0.32	0.17875894645389226
nucl1240	0.21153846153846154	-1.1547253578004961
nucl1301	0.2777777777777778	-0.3403436905056567
nucl1302	0.28846153846153844	-0.20899180868390896
nucl1305	0.25925925925925924	-0.568020285663354
nucl1310	0.23076923076923078	-0.918291970521349
nucl1327	0.22	-1.0506946673976714
nucl1417	0.27450980392156865	-0.3805219131805443
nucl1458	0.43478260869565216	1.5899578771356868
nucl1593	0.14285714285714285	-1.9991303123688777
nucl1622	0.3148148148148148	0.11500949980973715
nucl1630	0.3191489361702128	0.16829551144238972
nucl1633	0.2	-1.296585390167984
nucl1643	0.3333333333333333	0.34268609496743374
nucl1706	0.24489795918367346	-0.7445858084387107
nuer1246	0.3181818181818182	0.1564052443838637
nukn1238	0.32653061224489793	0.25904979470542255
nung1282	0.4166666666666667	1.3672307731770705
nupe1254	0.1956521739130435	-1.3500398951180521
nusu1239	0.34146341463414637	0.44264167332935006
nuuc1236	0.34146341463414637	0.44264167332935006
nuuu1241	0.23404255319148937	-0.8780479897078773
nyah1250	0.24074074074074073	-0.795696880821051
nyak1260	0.2926829268292683	-0.15709179684214492
nyal1254	0.3137254901960784	0.10161675891810774
nyam1285	0.3488372093023256	0.5332990583552734
nyan1307	0.3125	0.0865499254150249
nyat1246	0.3958333333333333	1.111094603624661
nyor1246	0.3125	0.0865499254150249
nyul1247	0.26666666666666666	-0.47694964760027514
obok1239	0.1590909090909091	-1.7995436867436239
occi1239	0.37254901960784315	0.8248247670660864
ofay1240	0.4090909090909091	1.2740903478852854
okan1243	0.3	-0.06713177631642067
okin1246	0.3125	0.0865499254150249
oksa1245	0.38461538461538464	0.9731751277118258
olde1238	0.28846153846153844	-0.20899180868390896
oldk1249	0.0975609756097561	-2.5560256775281225
oldm1242	0.17391304347826086	-1.6173124198683921
oloo1241	0.4230769230769231	1.4460419022701192
olut1240	0.40384615384615385	1.2096085149909725
omie1241	0.2765957446808511	-0.3548762391327438
onaa1245	0.36	0.6705403919945174
onon1246	0.5849056603773585	3.4356511612606755
onto1237	0.46808510638297873	1.9993966384553568
oriy1255	0.3076923076923077	0.027441578595238405
oroc1248	0.30612244897959184	0.008140893919389557
orok1265	0.23255813953488372	-0.8962981670535216
orok1267	0.23404255319148937	-0.8780479897078773
orok1269	0.32608695652173914	0.2535952533839874
orow1242	0.4222222222222222	1.4355337517243794
otta1242	0.46153846153846156	1.9189086768284132
owaa1237	0.3404255319148936	0.4298813867299561
paaa1242	0.3333333333333333	0.34268609496743374
paas1238	0.22916666666666666	-0.9379947527946115
paco1243	0.22	-1.0506946673976714
pagi1243	0.2978723404255319	-0.09329036384517739
pagu1249	0.3404255319148936	0.4298813867299561
pahn1237	0.2037037037037037	-1.251050071136445
pait1244	0.4	1.1623218375351434
pala1344	0.22	-1.0506946673976714
pamo1252	0.16279069767441862	-1.7540565022987984
pamp1243	0.5277777777777778	2.7332903441232523
pana1307	0.2926829268292683	-0.15709179684214492
pang1287	0.3617021276595745	0.6914672620175232
pang1290	0.2857142857142857	-0.2427680068666441
panj1256	0.3148148148148148	0.11500949980973715
pano1255	0.32	0.17875894645389226
pany1241	0.3469387755102041	0.5099586954914562
papa1265	0.25	-0.6818585832422024
papu1250	0.1320754716981132	-2.1316859580671594
para1301	0.29411764705882354	-0.13945257713121828
para1302	0.2608695652173913	-0.5482223208670325
patp1243	0.4375	1.6233669427294795
patt1248	0.23529411764705882	-0.862660585279197
paul1238	0.2916666666666667	-0.16958624413738393
pawn1254	0.38636363636363635	0.9946690720099297
payn1244	0.16	-1.7883668357086095
peer1241	0.40425531914893614	1.214639012592656
pela1242	0.2962962962962963	-0.11266709534796014
pemo1248	0.35714285714285715	0.6354131458844731
pend1242	0.35294117647058826	0.5837554310167604
peng1244	0.32	0.17875894645389226
phai1238	0.2692307692307692	-0.44542519596305563
phoe1239	0.22727272727272727	-0.9612798591175578
phom1236	0.3076923076923077	0.027441578595238405
pich1237	0.3181818181818182	0.1564052443838637
piji1239	0.1590909090909091	-1.7995436867436239
pila1245	0.32	0.17875894645389226
pile1238	0.3269230769230769	0.2638749658743851
pima1248	0.34	0.4246496692242052
pina1252	0.2127659574468085	-1.139633864995444
ping1243	0.375	0.8549584340722521
pipi1250	0.36538461538461536	0.7367417404326785
pite1240	0.2037037037037037	-1.251050071136445
pitt1247	0.23404255319148937	-0.8780479897078773
plai1258	0.34	0.4246496692242052
plau1238	0.34	0.4246496692242052
pnar1238	0.40384615384615385	1.2096085149909725
pohn1238	0.3469387755102041	0.5099586954914562
poko1263	0.3617021276595745	0.6914672620175232
poli1260	0.5925925925925926	3.530158427175191
popt1235	0.42	1.4082125603054556
port1283	0.4074074074074074	1.2533924755982215
port1285	0.23404255319148937	-0.8780479897078773
psik1239	0.19047619047619047	-1.4136762105347997
puka1242	0.5	2.3917754513867067
pulu1242	0.30434782608695654	-0.013677271366352321
puma1239	0.27906976744186046	-0.32445927689000365
puni1241	0.20930232558139536	-1.1822176121352803
pura1257	0.19047619047619047	-1.4136762105347997
pure1242	0.4339622641509434	1.5798721214847309
puri1258	0.39622641509433965	1.1159273615407448
qanj1241	0.36	0.6705403919945174
qawa1238	0.23529411764705882	-0.862660585279197
qima1242	0.2857142857142857	-0.2427680068666441
quap1242	0.3333333333333333	0.34268609496743374
quer1236	0.3888888888888889	1.0257158804405249
quil1240	0.5	2.3917754513867067
quio1240	0.20408163265306123	-1.2464036100107774
rabh1238	0.23529411764705882	-0.862660585279197
rade1240	0.13043478260869565	-2.1518574693690717
raji1240	0.3333333333333333	0.34268609496743374
rapa1244	0.2708333333333333	-0.42572241368979347
rapa1245	0.2962962962962963	-0.11266709534796014
raro1241	0.27450980392156865	-0.3805219131805443
rata1244	0.2857142857142857	-0.2427680068666441
remb1250	0.20454545454545456	-1.240701134992913
reng1252	0.20754716981132076	-1.2037964381791868
renn1242	0.4166666666666667	1.3672307731770705
rere1240	0.24390243902439024	-0.7568252670136392
rikb1245	0.4318181818181818	1.5535116237606406
roma1326	0.4423076923076923	1.6824752895492658
romb1245	0.2857142857142857	-0.2427680068666441
rong1264	0.22641509433962265	-0.9718240582071936
rong1266	0.2222222222222222	-1.0233734759787478
ronn1241	0.2857142857142857	-0.2427680068666441
roto1249	0.42857142857142855	1.5135942986355895
rotu1241	0.2727272727272727	-0.40243730736684724
rovi1238	0.2682926829268293	-0.4569585319278917
ruch1235	0.27450980392156865	-0.3805219131805443
ruka1240	0.3888888888888889	1.0257158804405249
ruma1248	0.22916666666666666	-0.9379947527946115
rung1258	0.3541666666666667	0.5988222645198433
russ1263	0.3333333333333333	0.34268609496743374
russ1264	0.26	-0.5589132218570458
saaa1241	0.3333333333333333	0.34268609496743374
saar1237	0.2222222222222222	-1.0233734759787478
saba1263	0.2	-1.296585390167984
saba1268	0.1956521739130435	-1.3500398951180521
sabu1255	0.22	-1.0506946673976714
saga1262	0.30434782608695654	-0.013677271366352321
sais1237	0.4074074074074074	1.2533924755982215
saka1289	0.24	-0.8048039446273588
samb1305	0.2	-1.296585390167984
samb1311	0.2	-1.296585390167984
samo1305	0.3333333333333333	0.34268609496743374
sana1295	0.2692307692307692	-0.44542519596305563
sana1297	0.16326530612244897	-1.7482214115828443
sanb1241	0.23809523809523808	-0.828222108700722
sanb1242	0.42	1.4082125603054556
sand1278	0.2830188679245283	-0.27590691829121444
sang1331	0.3695652173913043	0.7881403028846669
sani1269	0.3409090909090909	0.4358265202592188
sanj1284	0.24390243902439024	-0.7568252670136392
sanm1289	0.32653061224489793	0.25904979470542255
sanm1295	0.27450980392156865	-0.3805219131805443
sant1410	0.44680851063829785	1.7378107631677895
sant1436	0.36363636363636365	0.7152477961345746
sant1451	0.1590909090909091	-1.7995436867436239
sanu1240	0.4523809523809524	1.8063213495526287
sapu1248	0.20512820512820512	-1.233536486893545
sara1321	0.1590909090909091	-1.7995436867436239
sara1340	0.26	-0.5589132218570458
sars1236	0.38	0.9164311147648304
sasa1249	0.2727272727272727	-0.40243730736684724
sauk1252	0.24528301886792453	-0.7398516782352006
saur1249	0.36538461538461536	0.7367417404326785
savo1255	0.38461538461538464	0.9731751277118258
seda1262	0.25	-0.6818585832422024
seim1238	0.2830188679245283	-0.27590691829121444
seke1241	0.3541666666666667	0.5988222645198433
sela1259	0.23076923076923078	-0.918291970521349
selk1253	0.3148148148148148	0.11500949980973715
sema1265	0.1836734693877551	-1.4973125107968108
seme1247	0.18518518518518517	-1.4787266662941418
sene1264	0.36	0.6705403919945174
seri1257	0.4222222222222222	1.4355337517243794
serr1255	0.3333333333333333	0.34268609496743374
seve1240	0.3	-0.06713177631642067
sgaw1245	0.22448979591836735	-0.995494709224744
shab1252	0.5490196078431373	2.9944487915100226
shan1283	0.3191489361702128	0.16829551144238972
shaw1249	0.375	0.8549584340722521
shee1238	0.2127659574468085	-1.139633864995444
shil1265	0.34615384615384615	0.5003083531535317
ship1254	0.42	1.4082125603054556
shix1238	0.42857142857142855	1.5135942986355895
shol1240	0.2653061224489796	-0.4936769076526771
shon1251	0.38461538461538464	0.9731751277118258
shor1247	0.2830188679245283	-0.27590691829121444
shos1248	0.46296296296296297	1.9364222610713127
shua1257	0.40425531914893614	1.214639012592656
shwe1236	0.3125	0.0865499254150249
sich1238	0.33962264150943394	0.4200102216247648
sici1248	0.38	0.9164311147648304
siee1239	0.2619047619047619	-0.5354950577836827
sier1250	0.47619047619047616	2.0990484004696675
sika1261	0.37777777777777777	0.8891099233459065
siks1238	0.3469387755102041	0.5099586954914562
sile1255	0.21739130434782608	-1.0827673703677123
sina1266	0.24528301886792453	-0.7398516782352006
sing1264	0.3076923076923077	0.027441578595238405
sioo1240	0.24444444444444444	-0.7501615617895115
sira1267	0.1568627450980392	-1.8269379294765018
siri1273	0.2391304347826087	-0.8154948456173722
situ1238	0.45098039215686275	1.7891021112633911
sius1254	0.26666666666666666	-0.47694964760027514
siwi1239	0.34615384615384615	0.5003083531535317
skol1241	0.21153846153846154	-1.1547253578004961
slov1268	0.4444444444444444	1.7087456659136155
soch1239	0.41509433962264153	1.3478997415127378
soga1242	0.30612244897959184	0.008140893919389557
sons1242	0.2857142857142857	-0.2427680068666441
sooo1254	0.2608695652173913	-0.5482223208670325
sout1528	0.37735849056603776	0.8839549815687516
sout2649	0.3673469387755102	0.7608675962774899
sout2674	0.25925925925925924	-0.568020285663354
sout2679	0.25925925925925924	-0.568020285663354
sout2728	0.3888888888888889	1.0257158804405249
sout2729	0.24489795918367346	-0.7445858084387107
sout2730	0.2553191489361702	-0.6164621144203108
sout2782	0.23076923076923078	-0.918291970521349
sout2807	0.34	0.4246496692242052
sout2856	0.35185185185185186	0.5703626901251311
sout2857	0.21568627450980393	-1.103729921328523
sout2869	0.2826086956521739	-0.28094979611669274
sout2895	0.325	0.24023162714647048
sout2918	0.3111111111111111	0.0694741807781977
sout2954	0.36	0.6705403919945174
sout2956	0.32075471698113206	0.1880378416527717
sout2959	0.49056603773584906	2.27578926140071
sout2976	0.40816326530612246	1.2626853978495565
sout2985	0.2978723404255319	-0.09329036384517739
sout2989	0.4339622641509434	1.5798721214847309
sout2994	0.3076923076923077	0.027441578595238405
sout2996	0.3333333333333333	0.34268609496743374
sout3236	0.3877551020408163	1.0117764970635228
sout3261	0.3584905660377358	0.6519826015967579
sril1245	0.2222222222222222	-1.0233734759787478
stan1289	0.42592592592592593	1.4810690707559189
stan1290	0.2962962962962963	-0.11266709534796014
stan1293	0.2962962962962963	-0.11266709534796014
stan1306	0.25	-0.6818585832422024
stan1318	0.37254901960784315	0.8248247670660864
suda1237	0.1702127659574468	-1.6628056155705775
sude1239	0.3181818181818182	0.1564052443838637
sume1241	0.2857142857142857	-0.2427680068666441
sumi1235	0.3018867924528302	-0.04393453831922137
sund1252	0.19607843137254902	-1.3447992573778493
sunw1242	0.28	-0.3130224990867329
supy1237	0.2962962962962963	-0.11266709534796014
surg1248	0.32075471698113206	0.1880378416527717
surs1246	0.23255813953488372	-0.8962981670535216
swah1253	0.4	1.1623218375351434
swed1254	0.3076923076923077	0.027441578595238405
taba1263	0.22641509433962265	-0.9718240582071936
tabo1241	0.2978723404255319	-0.09329036384517739
taga1272	0.20930232558139536	-1.1822176121352803
taha1241	0.4	1.1623218375351434
tahi1242	0.33962264150943394	0.4200102216247648
taia1239	0.3191489361702128	0.16829551144238972
taji1246	0.22	-1.0506946673976714
take1257	0.32	0.17875894645389226
taku1257	0.41304347826086957	1.322685352385347
tama1365	0.4489795918367347	1.7645031994216231
tami1289	0.25925925925925924	-0.568020285663354
tane1237	0.2727272727272727	-0.40243730736684724
tang1334	0.2222222222222222	-1.0233734759787478
tang1336	0.2549019607843137	-0.621591249229871
tang1347	0.275	-0.3744951797793112
tang1373	0.17073170731707318	-1.6564254722708807
tang1377	0.46	1.8999940058460814
tanz1241	0.3888888888888889	1.0257158804405249
tara1313	0.21568627450980393	-1.103729921328523
tari1256	0.66	4.358901233549209
tari1263	0.34146341463414637	0.44264167332935006
tata1255	0.2708333333333333	-0.42572241368979347
tata1257	0.37777777777777777	0.8891099233459065
taul1251	0.4897959183673469	2.2663210009936896
taus1251	0.39215686274509803	1.0658941031154126
taus1253	0.23255813953488372	-0.8962981670535216
taya1257	0.3137254901960784	0.10161675891810774
tbol1240	0.3137254901960784	0.10161675891810774
tean1237	0.225	-0.9892219867050932
teda1241	0.1956521739130435	-1.3500398951180521
tedi1235	0.32653061224489793	0.25904979470542255
tehu1242	0.25	-0.6818585832422024
teke1275	0.28846153846153844	-0.20899180868390896
tekt1235	0.34782608695652173	0.5208677781343272
temi1246	0.2653061224489796	-0.4936769076526771
tene1248	0.29411764705882354	-0.13945257713121828
tenn1246	0.5	2.3917754513867067
teop1238	0.3181818181818182	0.1564052443838637
tera1251	0.2857142857142857	-0.2427680068666441
teri1250	0.3877551020408163	1.0117764970635228
term1237	0.21568627450980393	-1.103729921328523
tern1247	0.25	-0.6818585832422024
tete1251	0.38461538461538464	0.9731751277118258
tetu1246	0.3191489361702128	0.16829551144238972
tezo1238	0.4222222222222222	1.4355337517243794
thad1238	0.49019607843137253	2.2712407833620434
thak1245	0.18867924528301888	-1.4357688181511798
than1259	0.27450980392156865	-0.3805219131805443
thao1240	0.17647058823529413	-1.5858685934271755
thul1246	0.3125	0.0865499254150249
tibe1272	0.35185185185185186	0.5703626901251311
ticu1245	0.3488372093023256	0.5332990583552734
tief1242	0.28888888888888886	-0.20373773341103904
tief1244	0.24074074074074073	-0.795696880821051
tiga1245	0.2978723404255319	-0.09329036384517739
tigo1236	0.21568627450980393	-1.103729921328523
tika1246	0.3137254901960784	0.10161675891810774
tiko1237	0.4166666666666667	1.3672307731770705
timn1235	0.3333333333333333	0.34268609496743374
timu1262	0.3111111111111111	0.0694741807781977
tiri1258	0.2653061224489796	-0.4936769076526771
tita1241	0.2653061224489796	-0.4936769076526771
toab1237	0.32075471698113206	0.1880378416527717
toar1246	0.22	-1.0506946673976714
toba1268	0.39622641509433965	1.1159273615407448
tobe1252	0.3469387755102041	0.5099586954914562
toho1245	0.24	-0.8048039446273588
tojo1241	0.25925925925925924	-0.568020285663354
toke1240	0.40384615384615385	1.2096085149909725
tokp1240	0.22448979591836735	-0.995494709224744
tomm1242	0.32	0.17875894645389226
tond1249	0.16326530612244897	-1.7482214115828443
tong1308	0.23809523809523808	-0.828222108700722
tong1318	0.24489795918367346	-0.7445858084387107
tong1325	0.4090909090909091	1.2740903478852854
tong1329	0.2391304347826087	-0.8154948456173722
tonk1249	0.4418604651162791	1.6769768386823094
toor1238	0.3333333333333333	0.34268609496743374
torr1261	0.29411764705882354	-0.13945257713121828
tosk1239	0.375	0.8549584340722521
tote1238	0.43478260869565216	1.5899578771356868
toto1302	0.2	-1.296585390167984
trio1238	0.35185185185185186	0.5703626901251311
trum1247	0.4	1.1623218375351434
tsam1247	0.28846153846153844	-0.20899180868390896
tsat1238	0.25	-0.6818585832422024
tsha1245	0.2916666666666667	-0.16958624413738393
tsis1238	0.2653061224489796	-0.4936769076526771
tsix1234	0.49056603773584906	2.27578926140071
tsog1243	0.3333333333333333	0.34268609496743374
tson1249	0.2708333333333333	-0.42572241368979347
tswa1253	0.35555555555555557	0.6158980091566705
tswa1255	0.29545454545454547	-0.12301603149149143
tuba1278	0.2619047619047619	-0.5354950577836827
tugu1245	0.325	0.24023162714647048
tuka1248	0.4634146341463415	1.9419753487580862
tuki1240	0.3181818181818182	0.1564052443838637
tula1252	0.2641509433962264	-0.5078792982632075
tule1245	0.2553191489361702	-0.6164621144203108
tulu1258	0.3409090909090909	0.4358265202592188
tung1290	0.32608695652173914	0.2535952533839874
tuni1252	0.32608695652173914	0.2535952533839874
tunn1238	0.2916666666666667	-0.16958624413738393
tupi1273	0.4375	1.6233669427294795
turk1303	0.22	-1.0506946673976714
turk1304	0.27450980392156865	-0.3805219131805443
tusc1257	0.5227272727272727	2.671196727262062
tutu1241	0.24489795918367346	-0.7445858084387107
tuva1244	0.32	0.17875894645389226
tuvi1240	0.22727272727272727	-0.9612798591175578
tuwa1243	0.2962962962962963	-0.11266709534796014
tuwu1238	0.29411764705882354	-0.13945257713121828
ubir1237	0.18604651162790697	-1.4681370572170396
ubyk1235	0.36363636363636365	0.7152477961345746
udih1248	0.42592592592592593	1.4810690707559189
udii1243	0.2608695652173913	-0.5482223208670325
ugar1238	0.3673469387755102	0.7608675962774899
ughe1237	0.21153846153846154	-1.1547253578004961
ukra1253	0.29411764705882354	-0.13945257713121828
ulch1241	0.2765957446808511	-0.3548762391327438
ulit1238	0.3877551020408163	1.0117764970635228
ulwa1239	0.3617021276595745	0.6914672620175232
umbu1257	0.3181818181818182	0.1564052443838637
umbu1258	0.24	-0.8048039446273588
umes1235	0.22448979591836735	-0.995494709224744
unua1237	0.16666666666666666	-1.7064032614518387
uppe1275	0.4489795918367347	1.7645031994216231
uppe1439	0.3617021276595745	0.6914672620175232
urak1238	0.32558139534883723	0.24737961327351463
urar1246	0.3125	0.0865499254150249
urav1235	0.3333333333333333	0.34268609496743374
urim1252	0.34	0.4246496692242052
urip1239	0.20754716981132076	-1.2037964381791868
urni1239	0.25	-0.6818585832422024
uruu1244	0.22727272727272727	-0.9612798591175578
utes1238	0.38461538461538464	0.9731751277118258
veps1250	0.24528301886792453	-0.7398516782352006
vera1241	0.25925925925925924	-0.568020285663354
viem1243	0.2978723404255319	-0.09329036384517739
voti1245	0.16	-1.7883668357086095
vunj1238	0.28	-0.3130224990867329
vure1239	0.24528301886792453	-0.7398516782352006
wage1238	0.20408163265306123	-1.2464036100107774
waig1244	0.3191489361702128	0.16829551144238972
waim1251	0.2641509433962264	-0.5078792982632075
waiw1244	0.3148148148148148	0.11500949980973715
wala1266	0.3076923076923077	0.027441578595238405
wall1257	0.2692307692307692	-0.44542519596305563
wamb1257	0.34615384615384615	0.5003083531535317
wand1267	0.3684210526315789	0.7740733278978069
wand1278	0.28	-0.3130224990867329
wang1291	0.5306122448979592	2.768138802565757
waor1240	0.32558139534883723	0.24737961327351463
wapp1239	0.24489795918367346	-0.7445858084387107
wara1294	0.37735849056603776	0.8839549815687516
wara1303	0.21568627450980393	-1.103729921328523
ward1246	0.25	-0.6818585832422024
ware1253	0.36	0.6705403919945174
wari1268	0.2641509433962264	-0.5078792982632075
warj1242	0.42	1.4082125603054556
waru1265	0.28888888888888886	-0.20373773341103904
wash1253	0.32	0.17875894645389226
wawa1246	0.3333333333333333	0.34268609496743374
waya1269	0.3076923076923077	0.027441578595238405
wayu1241	0.25	-0.6818585832422024
wels1247	0.375	0.8549584340722521
weri1253	0.2549019607843137	-0.621591249229871
west2354	0.3137254901960784	0.10161675891810774
west2369	0.37254901960784315	0.8248247670660864
west2386	0.1836734693877551	-1.4973125107968108
west2392	0.19148936170212766	-1.4012197402830109
west2396	0.2037037037037037	-1.251050071136445
west2397	0.2631578947368421	-0.5200883708933126
west2415	0.36	0.6705403919945174
west2418	0.35185185185185186	0.5703626901251311
west2430	0.25	-0.6818585832422024
west2441	0.22916666666666666	-0.9379947527946115
west2466	0.35185185185185186	0.5703626901251311
west2516	0.34615384615384615	0.5003083531535317
west2519	0.35185185185185186	0.5703626901251311
west2548	0.1	-2.5260390040195477
west2557	0.41304347826086957	1.322685352385347
west2560	0.34782608695652173	0.5208677781343272
west2594	0.24528301886792453	-0.7398516782352006
west2600	0.19047619047619047	-1.4136762105347997
west2615	0.35294117647058826	0.5837554310167604
west2632	0.25	-0.6818585832422024
west2635	0.46938775510204084	2.015412100207657
west2644	0.21568627450980393	-1.103729921328523
west2650	0.11363636363636363	-2.3583862384943344
west2763	0.25	-0.6818585832422024
whit1269	0.2765957446808511	-0.3548762391327438
wint1259	0.47058823529411764	2.0301714473127173
wiru1244	0.35294117647058826	0.5837554310167604
woii1237	0.3333333333333333	0.34268609496743374
wola1242	0.37735849056603776	0.8839549815687516
wola1253	0.375	0.8549584340722521
woli1241	0.2830188679245283	-0.27590691829121444
wood1236	0.3469387755102041	0.5099586954914562
worr1237	0.5102040816326531	2.5172299017797233
wotu1240	0.23076923076923078	-0.918291970521349
woun1238	0.32653061224489793	0.25904979470542255
wuch1236	0.20754716981132076	-1.2037964381791868
wudi1238	0.4878048780487805	2.241842083843833
wusa1235	0.23076923076923078	-0.918291970521349
wutu1241	0.3148148148148148	0.11500949980973715
wuvu1239	0.43243243243243246	1.5610635501356505
xamt1239	0.3148148148148148	0.11500949980973715
xara1244	0.32075471698113206	0.1880378416527717
xava1240	0.4375	1.6233669427294795
xinc1242	0.24	-0.8048039446273588
xinc1243	0.24	-0.8048039446273588
xinc1246	0.28	-0.3130224990867329
xink1235	0.20408163265306123	-1.2464036100107774
xish1235	0.23404255319148937	-0.8780479897078773
xokl1240	0.3333333333333333	0.34268609496743374
yaak1241	0.26	-0.5589132218570458
yaey1239	0.25	-0.6818585832422024
yagu1244	0.3125	0.0865499254150249
yaka1277	0.2549019607843137	-0.621591249229871
yaki1237	0.3076923076923077	0.027441578595238405
yakk1236	0.2765957446808511	-0.3548762391327438
yaku1245	0.3888888888888889	1.0257158804405249
yala1262	0.3191489361702128	0.16829551144238972
yale1246	0.24489795918367346	-0.7445858084387107
yami1254	0.2962962962962963	-0.11266709534796014
yami1256	0.2692307692307692	-0.44542519596305563
yano1261	0.5	2.3917754513867067
yape1248	0.36363636363636365	0.7152477961345746
yapu1240	0.35555555555555557	0.6158980091566705
yaqu1251	0.4166666666666667	1.3672307731770705
yare1248	0.2222222222222222	-1.0233734759787478
yatz1235	0.49019607843137253	2.2712407833620434
yaul1241	0.23076923076923078	-0.918291970521349
yaum1237	0.2830188679245283	-0.27590691829121444
yawa1260	0.35555555555555557	0.6158980091566705
yawu1244	0.2830188679245283	-0.27590691829121444
yayg1236	0.13953488372093023	-2.0399759473805577
yecu1235	0.3333333333333333	0.34268609496743374
yele1255	0.47058823529411764	2.0301714473127173
yems1235	0.2978723404255319	-0.09329036384517739
yidi1250	0.2765957446808511	-0.3548762391327438
yind1247	0.3125	0.0865499254150249
yoga1237	0.2777777777777778	-0.3403436905056567
yoku1256	0.25925925925925924	-0.568020285663354
yona1241	0.29411764705882354	-0.13945257713121828
yong1270	0.2765957446808511	-0.3548762391327438
yong1280	0.29411764705882354	-0.13945257713121828
youl1235	0.2777777777777778	-0.3403436905056567
youn1235	0.2037037037037037	-1.251050071136445
yuca1254	0.35294117647058826	0.5837554310167604
yuch1247	0.2549019607843137	-0.621591249229871
yuec1235	0.3958333333333333	1.111094603624661
yuki1243	0.32653061224489793	0.25904979470542255
yulp1239	0.3111111111111111	0.0694741807781977
yulu1243	0.2391304347826087	-0.8154948456173722
yuqu1240	0.4318181818181818	1.5535116237606406
yura1255	0.3	-0.06713177631642067
yuro1248	0.20454545454545456	-1.240701134992913
zaba1237	0.3877551020408163	1.0117764970635228
zaca1241	0.3404255319148936	0.4298813867299561
zaca1242	0.10638297872340426	-2.447563241433278
zagh1240	0.24	-0.8048039446273588
zaiw1241	0.28	-0.3130224990867329
zamb1245	0.2653061224489796	-0.4936769076526771
zani1235	0.425	1.4696852409980339
zarm1239	0.2549019607843137	-0.621591249229871
zaye1235	0.1320754716981132	-2.1316859580671594
zays1235	0.3269230769230769	0.2638749658743851
zeme1240	0.1702127659574468	-1.6628056155705775
zoog1238	0.36	0.6705403919945174
zuni1245	0.40476190476190477	1.220867247718551
